RazaoSocial;UF;Total_Despesas;Media_Trimestral;Desvio_Padrao
CAIXA DE ASSISTANCIA DOS FUNCIONARIOS DO BANCO DO BRASIL;DF;R$ 9.777.084.183,42;R$ 3.259.028.061,14;R$ 3.005.216.545,22
PREVENT SENIOR PRIVATE OPERADORA DE SAADE LTDA;SP;R$ 4.352.757.729,36;R$ 1.450.919.243,12;R$ 1.445.598.726,23
CARE PLUS MEDICINA ASSISTENCIAL LTDA.;SP;R$ 2.927.801.840,97;R$ 975.933.946,99;R$ 892.348.284,71
GRUPO HOSPITALAR DO RIO DE JANEIRO LTDA;RJ;R$ 2.628.641.450,97;R$ 876.213.816,99;R$ 791.285.332,54
UNIMED DE FORTALEZA SOCIEDADE COOPERATIVA MADICA LTDA.;CE;R$ 2.002.775.254,06;R$ 667.591.751,35;R$ 1.149.280.682,60
FUNDAAAO SAADE ITAA;MG;R$ 1.695.949.863,52;R$ 565.316.621,17;R$ 979.091.276,92
UNIMED VITORIA COOPERATIVA DE TRABALHO MEDICO;ES;R$ 1.509.614.945,10;R$ 503.204.981,70;R$ 828.629.323,98
UNIMED NATAL SOC. COOP. DE TRAB. MADICO;RN;R$ 1.433.210.017,05;R$ 477.736.672,35;R$ 436.077.395,16
UNIMED DO ESTADO DE SAO PAULO - FEDERAAAO ESTADUAL DAS COOP. MADICAS;SP;R$ 1.272.384.545,88;R$ 424.128.181,96;R$ 473.501.857,70
CAIXA DE ASSISTENCIA DOS SERVIDORES DO ESTADO DE MATO GROSSO DO SUL;MS;R$ 1.137.616.727,30;R$ 379.205.575,77;R$ 347.732.227,93
FUNDAAAO ASSISTENCIAL DOS SERVIDORES DO MINISTARIO DA FAZENDA;DF;R$ 1.033.583.120,47;R$ 344.527.706,82;R$ 578.224.366,33
UNIMED SOROCABA COOPERATIVA DE TRABALHO MADICO;SP;R$ 865.477.144,58;R$ 288.492.381,53;R$ 497.502.868,85
UNIMED - COOPERATIVA DE SERVIAOS DE SAADE DOS VALES DO TAQUARI E RIO PARDO LTDA.;RS;R$ 736.108.320,97;R$ 245.369.440,32;R$ 224.662.660,62
UNIMED SERGIPE - COOPERATIVA DE TRABALHO MADICO;SE;R$ 681.675.749,48;R$ 227.225.249,83;R$ 204.719.766,53
NOTRE DAME INTERMADICA SAADE S.A.;SP;R$ 681.209.138,28;R$ 227.069.712,76;R$ 182.783.108,74
UNIMED CAMPO GRANDE MS COOPERATIVA DE TRABALHO MADICO;MS;R$ 673.018.860,83;R$ 224.339.620,28;R$ 364.917.268,32
UNIMED DE SANTOS COOP DE TRAB MEDICO;SP;R$ 661.905.344,18;R$ 220.635.114,73;R$ 378.064.877,21
UNIMED DE RIBEIRAO PRETO - COOPERATIVA DE TRABALHO MADICO;SP;R$ 626.156.520,32;R$ 208.718.840,11;R$ 351.879.915,92
UNIMED REGIONAL MARINGA COOP.DE TRABALHO MADICO;PR;R$ 576.508.443,16;R$ 192.169.481,05;R$ 191.009.182,50
CLINIPAM CLINICA PARANAENSE DE ASSISTENCIA MEDICA LTDA;CE;R$ 567.264.105,52;R$ 189.088.035,17;R$ 318.953.853,21
UNIMED DE VOLTA REDONDA COOPERATIVA DE TRABALHO MADICO;RJ;R$ 534.556.408,74;R$ 178.185.469,58;R$ 159.257.699,32
ASSOCIAAAO DE BENEFICANCIA E FILANTROPIA SAO CRISTOVAO;SP;R$ 516.429.639,99;R$ 172.143.213,33;R$ 298.139.536,00
UNIMED DE PIRACICABA SOCIEDADE COOPERATIVA DE SERVIAOS MADICOS;SP;R$ 483.362.498,29;R$ 161.120.832,76;R$ 275.179.873,21
UNIMED DO EST. DO RJ FEDERAAAO EST. DAS COOPERATIVAS MADICAS;RJ;R$ 433.970.707,45;R$ 144.656.902,48;R$ 249.347.876,26
CEMIG SAADE;MG;R$ 429.537.617,04;R$ 143.179.205,68;R$ 238.798.301,09
CENTRO TRASMONTANO DE SAO PAULO;SP;R$ 413.392.964,58;R$ 137.797.654,86;R$ 224.839.054,84
UNIMED DE CASCAVEL COOPERATIVA DE TRABALHO MADICO;PR;R$ 404.017.362,25;R$ 134.672.454,08;R$ 217.926.291,37
SERV  SOCIAL AUTANOMO DE ASSIST A SAADE DOS SERV PABLICOS E MILITARES DE GOIAS;GO;R$ 391.024.572,40;R$ 195.512.286,20;R$ 223.105.747,47
SERVIAO SOCIAL DA INDASTRIA DO PAPEL, PAPELAO E CORTIAA DO ESTADO DE SAO PAULO - SEPACO;SP;R$ 372.316.369,91;R$ 124.105.456,64;R$ 114.683.948,36
GAMA SAUDE LTDA.;SP;R$ 362.872.350,20;R$ 120.957.450,07;R$ 105.204.958,74
ALICE OPERADORA LTDA.;SP;R$ 360.718.851,96;R$ 120.239.617,32;R$ 199.456.310,61
SAMEDIL SERVIAOS DE ATENDIMENTO MADICO S/A;ES;R$ 358.303.856,65;R$ 119.434.618,88;R$ 198.142.616,02
CIRCULO OPERARIO CAXIENSE;RS;R$ 346.471.045,52;R$ 115.490.348,51;R$ 101.957.927,77
HUMANA SAADE LTDA.;PR;R$ 327.273.221,42;R$ 109.091.073,81;R$ 153.805.172,89
UNIMED DE MACAA COOPERATIVA DE ASSISTANCIA A SAADE;RJ;R$ 314.295.058,32;R$ 104.765.019,44;R$ 107.005.798,61
ALVORECER - ASSOCIAAAO DE SOCORROS MATUOS;SP;R$ 311.762.860,15;R$ 103.920.953,38;R$ 115.030.278,17
UNIMED NORTE DO MATO GROSSO COOPERATIVA DE TRABALHO MADICO;MT;R$ 309.941.336,57;R$ 103.313.778,86;R$ 94.813.927,93
INSTITUTO CURITIBA DE SAADE;PR;R$ 305.015.531,87;R$ 101.671.843,96;R$ 100.719.223,86
UNIMED NOVA IGUACU COOPERATIVA DE TRABALHO MEDICO;RJ;R$ 298.783.552,48;R$ 99.594.517,49;R$ 104.276.248,91
UNIMED GOIANIA COOPERATIVA DE TRABALHO MADICO;GO;R$ 295.153.703,15;R$ 98.384.567,72;R$ 154.858.506,05
UNIMED DE SANTA BARBARA D'OESTE E AMERICANA - COOP DE TRABALHO MADICO;SP;R$ 289.553.935,98;R$ 96.517.978,66;R$ 160.729.022,93
UNIMED BELO HORIZONTE COOPERATIVA DE TRABALHO MADICO;MG;R$ 288.802.161,31;R$ 96.267.387,10;R$ 24.019.250,58
UNIMED VALE DO SAO FRANCISCO COOPERATIVA DE TRABALHO MADICO;PE;R$ 287.531.918,16;R$ 95.843.972,72;R$ 165.473.218,36
UNIMED DE BEBEDOURO COOPERATIVA DE TRABALHO MADICO;SP;R$ 285.343.165,45;R$ 95.114.388,48;R$ 86.449.442,91
SINDIFISCO NACIONAL - SINDICATO NACIONAL DOS AUDITORES-FISCAIS DA RECEITA FEDERAL DO BRASIL;DF;R$ 281.697.576,50;R$ 93.899.192,17;R$ 157.771.916,09
UNIMED DE BAURU COOPERATIVA DE TRABALHO MADICO;SP;R$ 277.331.026,43;R$ 92.443.675,48;R$ 140.741.191,19
UNIMED DE ARARAQUARA - COOP. DE TRAB. MADICO;SP;R$ 271.452.593,59;R$ 90.484.197,86;R$ 148.715.858,71
QUALLITY PRA SAADE PLANO DE ASSISTANCIA MADICA LTDA.;DF;R$ 271.049.758,74;R$ 90.349.919,58;R$ 154.553.872,24
UNIMED REGIONAL DA BAIXA MOGIANA - COOPERATIVA DE TRABALHO MADICO;SP;R$ 267.785.430,29;R$ 89.261.810,10;R$ 152.747.480,52
UNIMED JOAO PESSOA - COOPERATIVA DE TRABALHO MADICO;PB;R$ 257.076.662,71;R$ 85.692.220,90;R$ 137.981.656,19
ASSOCIACAO DOS AUDITORES FISCAIS DA RECEITA ESTADUAL DE SAO PAULO;SP;R$ 255.850.258,97;R$ 85.283.419,66;R$ 147.521.422,62
AMIL ASSISTANCIA MADICA INTERNACIONAL S.A.;SP;R$ 255.336.148,16;R$ 85.112.049,39;R$ 58.194.215,63
HUMANA SAADE NORDESTE LTDA.;PI;R$ 254.220.929,90;R$ 84.740.309,97;R$ 135.958.723,13
ABERTTA SAADE - ASSOCIAAAO BENEFICENTE DOS EMPREGADOS DA ARCELORMITTAL NO BRASIL;MG;R$ 248.073.480,30;R$ 82.691.160,10;R$ 74.778.503,78
PASA - PLANO DE ASSISTENCIA A SAUDE DO APOSENTADO DA VALE;RJ;R$ 239.645.076,30;R$ 79.881.692,10;R$ 126.061.773,06
UNIMED SALTO/ITU - COOPERATIVA MADICA;SP;R$ 236.497.691,37;R$ 78.832.563,79;R$ 119.395.504,50
ASSOCIAAAO PETROBRAS DE SAADE - APS;RJ;R$ 229.506.163,72;R$ 76.502.054,57;R$ 130.195.443,79
UNIMED DE DOURADOS COOPERATIVA DE TRABALHO MADICO LTDA;MS;R$ 226.944.102,83;R$ 75.648.034,28;R$ 69.528.074,36
UNIMED JUNDIAI - COOPERATIVA DE TRABALHO MADICO;SP;R$ 224.954.075,76;R$ 74.984.691,92;R$ 128.097.455,63
FUNDAAAO SANEPAR DE ASSISTANCIA SOCIAL;PR;R$ 218.691.704,91;R$ 72.897.234,97;R$ 67.233.496,21
UNIMED VALE DO SEPOTUBA - COOPERATIVA DE TRABALHO MADICO;MT;R$ 216.684.981,96;R$ 72.228.327,32;R$ 82.992.480,50
UNIMED REGIONAL JAU - COOPERATIVA DE TRABALHO MADICO;SP;R$ 215.336.261,75;R$ 71.778.753,92;R$ 65.109.168,47
CENTRO CLANICO GAACHO LTDA;CE;R$ 206.220.943,90;R$ 68.740.314,63;R$ 118.080.138,47
UNIMED NOVA FRIBURGO-SOC.COOP.SERV.MED.HOSP.LTDA.;RJ;R$ 204.093.603,97;R$ 68.031.201,32;R$ 116.783.679,97
UNIMED SANTA MARIA/RS - COOPERATIVA DE ASSISTANCIA A SAADE LTDA;RS;R$ 203.754.701,13;R$ 67.918.233,71;R$ 117.125.078,60
UNIMED REGIONAL DE CAMPO MOURAO COOP TRAB MEDICO;PR;R$ 196.091.014,22;R$ 65.363.671,41;R$ 59.117.466,89
UNIHOSP SAADE LTDA;SP;R$ 193.287.147,09;R$ 64.429.049,03;R$ 57.964.081,75
UNIMED PORTO ALEGRE - COOPERATIVA MADICA LTDA.;RS;R$ 187.467.440,31;R$ 62.489.146,77;R$ 38.706.510,72
UNIMED ANAPOLIS COOPERATIVA DE TRABALHO MADICO.;GO;R$ 183.347.694,50;R$ 61.115.898,17;R$ 54.262.676,13
UNIMED DE BOTUCATU COOPERATIVA DE TRABALHO MADICO;SP;R$ 183.063.397,42;R$ 61.021.132,47;R$ 103.534.794,36
UNIMED CURITIBA - SOCIEDADE COOPERATIVA DE MADICOS;PR;R$ 181.443.978,58;R$ 60.481.326,19;R$ 48.243.712,48
UNIMED CENTRO RONDANIA COOPERATIVA DE TRABALHO MADICO;RO;R$ 177.700.504,87;R$ 59.233.501,62;R$ 91.956.525,19
ASSOCIAAAO EVANGELICA BENEFICENTE DE LONDRINA;PR;R$ 165.958.709,07;R$ 55.319.569,69;R$ 88.273.856,44
SERMED-SAADE LTDA.;SP;R$ 160.798.369,19;R$ 53.599.456,40;R$ 90.277.199,87
UNIMED CAMPINA GRANDE - COOPERATIVA DE TRABALHO MEDICO LTDA;PB;R$ 160.703.819,30;R$ 53.567.939,77;R$ 89.678.433,58
UNIMED DE JOINVILLE COOPERATIVA DE TRABALHO MADICO;SC;R$ 158.905.715,37;R$ 52.968.571,79;R$ 75.459.966,23
PROMADICA - PROTEAAO MEDICA A EMPRESAS S.A.;BA;R$ 155.796.210,49;R$ 51.932.070,16;R$ 81.813.261,59
COOPERATIVA DE TRABALHO MADICO DE POUSO ALEGRE;MG;R$ 155.522.698,15;R$ 51.840.899,38;R$ 82.935.647,51
CAIXA DE PREVIDANCIA E ASSISTANCIA DOS SERVIDORES DA FUNDAAAO NACIONAL DE SAADE - CAPESESP;RJ;R$ 153.941.524,80;R$ 51.313.841,60;R$ 86.455.164,64
UNIAO MADICA PLANOS DE SAADE S/A;BA;R$ 153.615.220,55;R$ 51.205.073,52;R$ 82.645.273,87
UNIMED MACEIO COOPERATIVA DE TRABALHO MADICO;AL;R$ 153.368.126,78;R$ 51.122.708,93;R$ 86.738.865,96
UNIMED ENCOSTA DA SERRA/RS SOCIEDADE COOPERATIVA DE SERVIAOS DE SAADE LTDA.;RS;R$ 146.634.857,23;R$ 48.878.285,74;R$ 56.524.313,71
UNIMED EXTREMO SUL COOPERATIVA DE TRABALHO MADICO;BA;R$ 146.634.077,47;R$ 48.878.025,82;R$ 43.682.141,08
UNIMED DE TUBARAO - COOPERATIVA DE TRABALHO MEDICO DA REGIAO DA AMUREL;SC;R$ 144.820.114,91;R$ 48.273.371,64;R$ 72.752.420,83
KLINI PLANOS DE SAADE LTDA;RJ;R$ 142.799.434,72;R$ 47.599.811,57;R$ 77.288.152,39
PLANO DE SAADE ANA COSTA LTDA.;SP;R$ 141.860.291,96;R$ 47.286.763,99;R$ 81.039.495,13
CENTRAL REGIONAL DAS COOPERATIVAS MADICAS - UNIMED CERRADO;GO;R$ 141.410.604,13;R$ 47.136.868,04;R$ 42.287.167,42
ASSOCIAAAO DOS SERVIDORES FISCAIS DO ESTADO DA BAHIA;BA;R$ 137.543.905,45;R$ 45.847.968,48;R$ 42.015.930,30
ASSOCIAAAO ADVENTISTA NORTE BRASILEIRA DE PREVENAAO E ASSISTANCIA A SAADE;PA;R$ 135.149.069,90;R$ 45.049.689,97;R$ 55.906.442,89
PLANO DE SAADE DA SANTA CASA DE BRAGANAA PAULISTA;SP;R$ 134.214.479,31;R$ 44.738.159,77;R$ 44.727.714,27
ASSOCIAAAO BENEFICENTE DOS PROFESSORES PABLICOS ATIVOS E INATIVOS DO RIO DE JANEIRO - APPAI;RJ;R$ 127.769.713,80;R$ 42.589.904,60;R$ 40.583.322,48
BENEFICENCIA CAMILIANA DO SUL;SP;R$ 127.549.392,23;R$ 63.774.696,12;R$ 88.288.994,44
UNIMED DE GUARULHOS COOPERATIVA DE TRABALHO MADICO;SP;R$ 126.477.839,28;R$ 42.159.279,76;R$ 69.312.896,34
MEDISERVICE OPERADORA DE PLANOS DE SAADE S.A.;SP;R$ 125.546.290,14;R$ 41.848.763,38;R$ 69.241.558,48
CABERJ INTEGRAL SAADE S.A;RJ;R$ 123.903.079,71;R$ 41.301.026,57;R$ 69.937.723,08
UNIMED VALE DO AAO COOPERATIVA DE TRABALHO MADICO;MG;R$ 123.046.283,01;R$ 61.523.141,50;R$ 32.406.671,70
FUNDAAAO DE SEGURIDADE SOCIAL DA ARCELORMITTAL BRASIL - FUNSSEST;ES;R$ 120.197.755,22;R$ 40.065.918,41;R$ 36.579.707,23
ASSOCIAAAO DR. BARTHOLOMEU TACCHINI;RS;R$ 119.389.140,02;R$ 39.796.380,01;R$ 67.516.020,82
ASSOCIAAAO DA SANTA CASA SAADE DE RIBEIRAO PRETO;SP;R$ 113.880.505,39;R$ 37.960.168,46;R$ 52.405.192,89
SAMI ASSISTANCIA MADICA LTDA;SP;R$ 112.113.401,45;R$ 37.371.133,82;R$ 34.051.314,50
CAIXA DE ASSISTANCIA DOS EMPREGADOS DA EMPRESA BRASILEIRA DE PESQUISA  AGROPECUARIA;DF;R$ 111.958.172,95;R$ 37.319.390,98;R$ 56.588.498,78
FUNDAAAO CELESC DE SEGURIDADE SOCIAL - CELOS;SC;R$ 109.619.207,43;R$ 36.539.735,81;R$ 58.574.104,97
UNIMED SAADE E ODONTO S.A;SP;R$ 108.790.102,34;R$ 36.263.367,45;R$ 33.854.501,40
UNIMED METROPOLITANA DO AGRESTE - COOPERATIVA DE TRABALHO MADICO;AL;R$ 108.453.675,77;R$ 36.151.225,26;R$ 61.761.577,92
UNIMED UBERABA COOPERATIVA DE TRABALHO MEDICO LTDA.;MG;R$ 107.534.308,01;R$ 35.844.769,34;R$ 50.553.277,70
UNIMED ITABIRA COOPERATIVA DE TRABALHO MADICO;MG;R$ 106.782.343,90;R$ 35.594.114,63;R$ 30.572.438,38
IRMANDADE SANTA CASA DE MISERICARDIA DE MARINGA;PR;R$ 105.923.849,88;R$ 35.307.949,96;R$ 60.002.856,33
CAIXA DE ASSISTANCIA DOS EMPREGADOS DO SISTEMA FINANCEIRO BANESTES;ES;R$ 102.617.903,12;R$ 34.205.967,71;R$ 30.680.647,80
UNIMED NOROESTE/RS - SOCIEDADE COOPERATIVA DE ASSISTANCIA A SAADE LTDA.;RS;R$ 102.397.382,81;R$ 34.132.460,94;R$ 56.408.915,77
UNIMED SUL CAPIXABA COOPERATIVA DE TRABALHO MADICO;ES;R$ 102.364.045,01;R$ 34.121.348,34;R$ 55.836.940,87
POSTAL SAADE CAIXA DE ASSISTANCIA E SAADE DOS EMPREGADOS DOS CORREIOS;DF;R$ 100.761.104,79;R$ 33.587.034,93;R$ 2.702.840,61
FUNDAAAO FIAT SAADE E BEM ESTAR;MG;R$ 97.076.311,16;R$ 32.358.770,39;R$ 50.549.351,51
FUNDAAAO AFFEMG DE ASSISTANCIA E SAADE - FUNDAFFEMG;MG;R$ 92.908.208,24;R$ 30.969.402,75;R$ 53.397.665,43
UNIMED NORTE PAULISTA - COOPERATIVA DE TRABALHO MADICO;SP;R$ 92.021.923,75;R$ 30.673.974,58;R$ 15.359.121,45
UNIMED DE MANAUS COOP. DO TRABALHO MADICO LTDA;AM;R$ 88.652.928,31;R$ 29.550.976,10;R$ 25.405.580,54
UNIMED DE OURINHOS - COOPERATIVA DE TRABALHO MADICO;SP;R$ 87.802.412,93;R$ 29.267.470,98;R$ 49.883.479,44
DENTAL UNI - COOPERATIVA ODONTOLAGICA;PR;R$ 87.713.379,45;R$ 29.237.793,15;R$ 15.357.008,94
UNIMED DE PARANAGUA COOPERATIVA DE TRABALHO MADICO;PR;R$ 85.716.626,69;R$ 28.572.208,90;R$ 46.659.011,93
ASSOCIAAAO DE SAADE PORTUGUESA DE BENEFICANCIA;SP;R$ 82.479.400,88;R$ 27.493.133,63;R$ 47.304.743,77
UNIMED ARAXA COOPERATIVA DE TRABALHO MADICO LTDA.;MG;R$ 82.437.404,30;R$ 27.479.134,77;R$ 30.697.001,13
UNIMED DE BARRA MANSA SOC. COOP. SERV.MED.E HOSPIT.;RJ;R$ 81.290.332,03;R$ 27.096.777,34;R$ 28.951.236,24
UNIMED NORDESTE PAULISTA - FED. INTRAFEDERATIVA DAS COOP. MADICAS;SP;R$ 78.844.723,98;R$ 26.281.574,66;R$ 44.092.708,98
UNIMED COSTA VERDE RJ;RJ;R$ 78.799.190,59;R$ 26.266.396,86;R$ 23.929.437,94
UNIMED MARANHAO DO SUL - COOPERATIVA DE TRABALHO MADICO;MA;R$ 77.866.986,46;R$ 25.955.662,15;R$ 22.028.872,39
UNIMED FRANCISCO BELTRAO COOPERATIVA DE TRABALHO MEDICO;PR;R$ 77.386.635,49;R$ 25.795.545,16;R$ 40.304.560,84
GEAP AUTOGESTAO EM SAADE;DF;R$ 77.284.159,97;R$ 25.761.386,66;R$ 9.793.559,46
UNIMED DO CARIRI - SOCIEDADE COOPERATIVA MADICA LTDA;CE;R$ 75.317.299,22;R$ 25.105.766,41;R$ 42.929.113,22
UNIMED OESTE DO PARA - COOPERATIVA DE TRABALHO MADICO;PA;R$ 74.888.409,14;R$ 24.962.803,05;R$ 37.293.427,45
UNIMED CENTRO OESTE PAULISTA - FEDERAAAO INTRAFEDERATIVA DAS COOPERATIVAS MADICAS;SP;R$ 74.640.927,98;R$ 24.880.309,33;R$ 43.086.737,58
ELOSAADE - ASSOCIAAAO DE ASSISTANCIA A SAADE;SC;R$ 73.663.275,68;R$ 24.554.425,23;R$ 41.801.787,52
UNIMED EXTREMO OESTE CATARINENSE COOPERATIVA DE TRABALHO MADICO;SC;R$ 73.369.824,22;R$ 24.456.608,07;R$ 27.621.567,38
LUMINAR SAADE - ASSOCIAAAO DE ASSISTANCIA A SAADE;DF;R$ 71.881.951,96;R$ 23.960.650,65;R$ 39.617.157,31
OPERADORA UNICENTRAL DE PLANOS DE SAADE LTDA.;SP;R$ 69.856.728,65;R$ 23.285.576,22;R$ 40.082.785,34
NOSSA SAADE - OPERADORA PLANOS PRIVADOS DE ASSISTANCIA  A SAADE LTDA.;PR;R$ 69.736.867,31;R$ 23.245.622,44;R$ 38.007.218,94
UNIMED GRANDE FLORIANAPOLIS-COOPERATIVA DE TRABALHO MEDICO;SC;R$ 68.754.425,09;R$ 22.918.141,70;R$ 19.245.507,53
GARANTIA DE SAADE LTDA;SP;R$ 67.136.436,73;R$ 22.378.812,24;R$ 37.865.847,49
UNIMED DE SOBRAL SOCIEDADE COOPERATIVA MADICA LTDA;CE;R$ 66.793.192,13;R$ 22.264.397,38;R$ 27.687.217,42
ASSISTANCIA MADICA SAO MIGUEL LTDA;SP;R$ 66.494.906,04;R$ 22.164.968,68;R$ 21.915.083,59
HAPVIDA ASSISTENCIA MEDICA S.A.;CE;R$ 66.212.749,31;R$ 22.070.916,44;R$ 19.412.377,12
UNIMED MONTES CLAROS COOPERATIVA DE  TRABALHO MADICO LTDA.;MG;R$ 66.039.812,41;R$ 22.013.270,80;R$ 32.253.584,33
UNIMED BARRA DO GARAAS - COOPERATIVA DE TRABALHO MADICO;MT;R$ 64.602.207,66;R$ 21.534.069,22;R$ 33.330.551,42
IRMANDADE DA SANTA CASA DE MISERICORDIA DE LIMEIRA;SP;R$ 64.582.774,97;R$ 21.527.591,66;R$ 36.862.367,84
CENTRO HOSPITALAR ATIBAIA LTDA.;SP;R$ 64.303.553,79;R$ 21.434.517,93;R$ 34.556.529,11
UNIMED DE CATALAO COOPERATIVA DE TRABALHO MADICO;GO;R$ 63.325.894,33;R$ 21.108.631,44;R$ 33.221.962,10
ASSOCIAAAO SAO FRANCISCO VIDA;SP;R$ 62.180.080,91;R$ 20.726.693,64;R$ 33.313.594,29
UNIMED RESENDE COOPERATIVA DE TRABALHO MADICO;RJ;R$ 62.157.465,65;R$ 20.719.155,22;R$ 30.810.283,37
VIVACOM PLANOS DE SAADE;GO;R$ 62.157.155,94;R$ 20.719.051,98;R$ 34.764.863,05
UNIMED NACIONAL - COOPERATIVA CENTRAL;SP;R$ 59.885.511,63;R$ 19.961.837,21;R$ 23.516.547,91
TEMPO MED PLANO DE SAUDE LTDA;SC;R$ 58.824.508,91;R$ 19.608.169,64;R$ 33.094.821,18
UNIMED BLUMENAU - COOPERATIVA DE TRABALHO MEDICO;SC;R$ 57.880.200,26;R$ 19.293.400,09;R$ 1.332.218,45
NOVA SAADE OPERADORA INTEGRADA DE SAADE LTDA;RJ;R$ 57.397.269,21;R$ 19.132.423,07;R$ 20.853.906,68
ASSOCIAAAO MINEIRA DE ASSISTANCIA A SAADE DOS MEMBROS DO MINISTARIO PABLICO;MG;R$ 57.143.548,38;R$ 19.047.849,46;R$ 14.204.535,29
UNIMED CURVELO COOPERATIVA DE TRABALHO MADICO LTDA.;MG;R$ 56.884.388,67;R$ 18.961.462,89;R$ 32.112.794,72
IRMANDADE DA SANTA CASA DE MISERICARDIA DE RIO CLARO;SP;R$ 56.849.400,86;R$ 18.949.800,29;R$ 32.442.047,86
UNIMED SAO JOSA DO RIO PRETO - COOP. DE TRABALHO MADICO;SP;R$ 56.463.540,23;R$ 18.821.180,08;R$ 15.670.765,41
UNIMED NORTE PIONEIRO - COOPERATIVA DE TRABALHO MADICO;PR;R$ 56.101.357,31;R$ 18.700.452,44;R$ 30.631.426,80
UNIMED MISSAES/RS - COOPERATIVA DE ASSISTANCIA A SAADE LTDA.;RS;R$ 55.477.816,92;R$ 18.492.605,64;R$ 30.173.592,64
UNIMED DE GUARATINGUETA-COOPERATIVA DE TRABALHO MADICO;SP;R$ 55.023.710,80;R$ 18.341.236,93;R$ 31.142.540,63
UNIMED ALTA MOGIANA COOPERATIVA DE TRABALHO MADICO;SP;R$ 54.648.459,38;R$ 18.216.153,13;R$ 31.521.393,66
ASSOCIAAAO DE ASSISTANCIA MADICO HOSPITALAR DOS MAGISTRADOS DO ESTADO DO PARANA;PR;R$ 54.456.026,45;R$ 18.152.008,82;R$ 31.278.948,43
UNIMED POAOS DE CALDAS - SOC. COOP. DE TRAB. E SERVIAOS MADICOS;MG;R$ 54.001.056,67;R$ 18.000.352,22;R$ 30.203.360,78
PLANO DE SAUDE ASES LTDA.;RJ;R$ 53.589.061,86;R$ 17.863.020,62;R$ 22.668.272,36
CAIXA DE ASSISTANCIA DOS MAGISTRADOS DE PERNAMBUCO;PE;R$ 53.470.786,77;R$ 17.823.595,59;R$ 16.227.879,74
ELETROS SAADE - ASSOCIAAAO DE ASSISTANCIA A SAADE;RJ;R$ 53.402.143,41;R$ 17.800.714,47;R$ 25.216.552,85
UNIMED MURIAA COOPERATIVA DE TRABALHO MEDICO LTDA;MG;R$ 53.059.300,95;R$ 17.686.433,65;R$ 30.535.489,11
UNIMED DE LIMEIRA COOPERATIVA DE TRABALHO MADICO;SP;R$ 52.830.554,57;R$ 17.610.184,86;R$ 30.232.001,30
UNIMED TRAS RIOS COOPERATIVA DE TRABALHO MADICO;RJ;R$ 52.000.849,18;R$ 17.333.616,39;R$ 16.076.913,71
OPERADORA DE PLANOS PRIVADOS DE SAADE - SANTA CASA SAADE LTDA;MS;R$ 51.475.606,18;R$ 17.158.535,39;R$ 15.018.977,77
LIV LINHAS INTELIGENTES DE ATENAAO A VIDA S/A;SP;R$ 51.114.563,86;R$ 17.038.187,95;R$ 28.615.079,95
UNIMED DO ESTADO DE SANTA CATARINA FED. EST. DAS COOP. MAD.;SC;R$ 51.008.003,31;R$ 17.002.667,77;R$ 12.796.479,47
SANTA CASA DE MISERICORDIA DE SAO JOAQUIM DA BARRA;SP;R$ 50.507.691,05;R$ 16.835.897,02;R$ 28.994.957,30
UNIMED DE JABOTICABAL COOP. DE TRABALHO MADICO;SP;R$ 50.396.746,83;R$ 16.798.915,61;R$ 28.532.746,03
SAADE BRASIL ASSISTANCIA MADICA LTDA.;SP;R$ 49.607.863,26;R$ 16.535.954,42;R$ 20.787.621,20
UNIMED VILHENA - COOPERATIVA DE TRABALHO MEDICO LTDA;RO;R$ 49.400.269,79;R$ 16.466.756,60;R$ 16.533.897,44
MATUA DOS MAGISTRADOS DO ESTADO DO RIO DE JANEIRO;RJ;R$ 49.243.856,31;R$ 16.414.618,77;R$ 3.185.388,70
CAIXA DE ASSISTANCIA A SAUDE DOS EMPREGADOS DA CODEVASF - CASEC;DF;R$ 48.922.923,54;R$ 16.307.641,18;R$ 28.131.997,80
VITA ASSISTANCIA A SAADE LTDA.;MG;R$ 48.717.655,32;R$ 16.239.218,44;R$ 24.948.702,88
UNIODONTO DE CAMPINAS COOPERATIVA ODONTOLAGICA;SP;R$ 48.581.664,67;R$ 16.193.888,22;R$ 22.309.878,00
UNIMED CENTRO PAULISTA - FEDERAAAO INTRAFEDERATIVA DAS COOPERATIVAS MADICAS;SP;R$ 48.491.633,61;R$ 16.163.877,87;R$ 18.681.723,91
UNIMED DE ADAMANTINA-COOPERATIVA DE TRABALHO MADICO;SP;R$ 48.149.790,11;R$ 16.049.930,04;R$ 8.463.321,36
CAIXA DE ASSISTANCIA DOS EMPREGADOS DA SANEAGO;GO;R$ 47.081.478,91;R$ 15.693.826,30;R$ 25.594.239,01
CAIXA DE ASSISTANCIA A SAADE DOS SERVIDORES PABLICOS DO ESTADO DO MATO GROSSO DO SUL;MS;R$ 46.734.571,02;R$ 15.578.190,34;R$ 26.586.599,03
COOPERATIVA DE TRABALHO MEDICO REGIAO DO PLANALTO SERRANO;SC;R$ 45.091.516,40;R$ 15.030.505,47;R$ 17.775.245,27
UNIMED CUIABA COOPERATIVA DE TRABALHO MADICO;MT;R$ 44.997.898,90;R$ 14.999.299,63;R$ 12.654.025,00
FUNDAAAO DE SAADE ITAIGUAPY;PR;R$ 44.644.902,35;R$ 14.881.634,12;R$ 25.162.610,80
UNIMED MARQUES DE VALENAA COOPERATIVA DE TRABALHO MADICO LTDA.;RJ;R$ 44.373.791,91;R$ 14.791.263,97;R$ 25.437.137,84
UNIMED-RIO COOPERATIVA DE TRABALHO MEDICO DO RIO DE JANEIRO;RJ;R$ 43.905.275,41;R$ 43.905.275,41;R$ 0,00
AUSTACLINICAS ASSISTANCIA MADICA E HOSPITALAR LTDA;SP;R$ 43.818.104,98;R$ 14.606.034,99;R$ 23.240.627,55
UNIMED VALE DO JAURU COOPERATIVA DE TRABALHO MADICO;MT;R$ 43.090.582,28;R$ 14.363.527,43;R$ 21.436.288,12
UNIMED DE BIRIGUI - COOPERATIVA DE TRABALHO MADICO;SP;R$ 42.676.303,54;R$ 14.225.434,51;R$ 24.063.497,38
IRMANDADE DA SANTA CASA DE MISERICARDIA DE PIRACICABA;SP;R$ 42.647.826,61;R$ 14.215.942,20;R$ 23.875.827,65
UNIMED DE ARACATUBA - COOPERATIVA DE TRABALHO MADICO;SP;R$ 42.566.319,26;R$ 14.188.773,09;R$ 21.882.766,23
H.B. SAADE S/A.;SP;R$ 42.001.493,95;R$ 14.000.497,98;R$ 22.053.894,46
ASSOCIAAAO FCA SAADE;MG;R$ 40.943.646,21;R$ 13.647.882,07;R$ 12.536.534,22
UNITY SERVIAOS INTEGRADOS DE SAADE LTDA.;DF;R$ 40.614.637,56;R$ 13.538.212,52;R$ 23.443.994,74
UNIMED ARAGUARI COOPERATIVA DE TRABALHO MADICO;MG;R$ 40.214.062,26;R$ 13.404.687,42;R$ 21.996.195,75
FUNDAAAO SAO FRANCISCO XAVIER;MG;R$ 39.948.134,72;R$ 13.316.044,91;R$ 2.257.028,45
SBC SAADE LTDA.;SP;R$ 39.095.282,84;R$ 13.031.760,95;R$ 11.849.515,59
OPERADORA UNIESTE DE PLANOS DE SAADE LTDA;RJ;R$ 38.305.916,25;R$ 12.768.638,75;R$ 21.697.429,66
UNIMED DE CAPIVARI -COOPERATIVA DE TRABALHO MADICO;SP;R$ 37.887.310,75;R$ 12.629.103,58;R$ 21.684.077,89
ASSOCIAAAO DOS SERVIDORES MUNICIPAIS, ESTADUAIS E FEDERAIS DO RIO DE JANEIRO;RJ;R$ 37.368.289,58;R$ 12.456.096,53;R$ 5.509.276,24
PLANO HOSPITAL SAMARITANO LTDA;SP;R$ 37.013.483,52;R$ 12.337.827,84;R$ 7.738.899,38
FEDERAAAO DAS SOCIEDADES COOPERATIVAS DE TRABALHO MADICO DO ACRE, AMAPA, AMAZONAS, PARA, RONDONIA E RORAIMA;AM;R$ 36.918.032,69;R$ 36.918.032,69;R$ 0,00
UNIMED DE IBITINGA COOPERATIVA DE TRABALHO MADICO;SP;R$ 36.754.294,57;R$ 12.251.431,52;R$ 20.206.835,25
CAIXA ASSISTENCIAL UNIVERSITARIA DO RIO GRANDE DO NORTE;RN;R$ 36.260.240,53;R$ 12.086.746,84;R$ 20.752.502,40
ASSOCIAAAO DOS AUDITORES FISCAIS DO ESTADO DA PARAABA - AFRAFEP;PB;R$ 36.186.789,99;R$ 12.062.263,33;R$ 20.773.588,94
UNIMED DE TUPA COOPERATIVA DE TRABALHO MADICO;SP;R$ 35.539.646,60;R$ 11.846.548,87;R$ 20.209.733,70
UNIODONTO BELAM - COOPERATIVA DE ASSISTANCIA A SAADE ODONTOLAGICA;PA;R$ 35.478.528,62;R$ 11.826.176,21;R$ 10.696.548,78
SUL AMARICA PARANA CLANICAS SERVIAOS DE SAADE S.A.;SP;R$ 35.454.021,41;R$ 11.818.007,14;R$ 11.820.442,75
UNIMED CAMPINAS - COOPERATIVA DE TRABALHO MADICO;SP;R$ 35.263.228,41;R$ 11.754.409,47;R$ 19.039.057,24
UNIMED DE MOCOCA COOPERATIVA DE TRAB. MADICO;SP;R$ 34.374.120,89;R$ 11.458.040,30;R$ 19.706.279,60
UNIMED MEIO OESTE CATARINENSE COOPERATIVA DE TRABALHO MADICO;SC;R$ 34.206.114,96;R$ 11.402.038,32;R$ 17.999.966,94
UNIMED DE LORENA COOPERATIVA DE TRABALHO MADICO;SP;R$ 34.097.505,11;R$ 11.365.835,04;R$ 19.437.471,57
SAMOC S.A. - SOCIEDADE ASSISTENCIAL MADICA E ODONTO CIRARGICA;RJ;R$ 33.519.962,30;R$ 11.173.320,77;R$ 16.870.171,37
AMHA SAUDE S/A;SP;R$ 32.781.141,41;R$ 10.927.047,14;R$ 18.718.751,30
CAIXA DE ASSISTANCIA SISTEMA SAADE INTEGRAL-SSI SAUDE;RS;R$ 32.060.379,75;R$ 10.686.793,25;R$ 13.209.054,66
PREVIDENT ASSISTANCIA ODONTOLAGICA S.A;SP;R$ 31.962.120,58;R$ 10.654.040,19;R$ 13.323.776,74
UNIMED ITAANA COOPERATIVA DE TRABALHO MADICO LTDA.;MG;R$ 31.692.979,08;R$ 10.564.326,36;R$ 15.529.707,68
UNIMED CONSELHEIRO LAFAIETE COOPERATIVA DE TRABALHO MADICO LTDA;MG;R$ 31.466.117,43;R$ 10.488.705,81;R$ 16.679.733,19
METLIFE PLANOS ODONTOLAGICOS LTDA.;SP;R$ 31.413.714,39;R$ 10.471.238,13;R$ 11.049.968,38
UNIMED VALE DO CAA/RS - COOPERATIVA DE ASSISTANCIA A SAADE LTDA.;RS;R$ 31.354.061,00;R$ 10.451.353,67;R$ 17.521.518,73
UNIMED ARARUAMA COOPERATIVA DE TRABALHO MADICO LTDA;RJ;R$ 31.345.995,97;R$ 10.448.665,32;R$ 17.862.842,17
BIO SAADE SERVIAOS MADICOS LTDA;SP;R$ 31.158.189,61;R$ 10.386.063,20;R$ 9.180.752,19
FEDERAAAO DAS COOP ODONTOLAGICAS DO ESTADO DE SANTA CATARINA;SC;R$ 31.145.060,91;R$ 10.381.686,97;R$ 10.271.060,86
UNIMED NOROESTE DE MINAS COOPERATIVA DE TRABALHO MEDICO LTDA;MG;R$ 31.067.408,78;R$ 10.355.802,93;R$ 16.060.596,53
FUNDAAAO DE ASSISTANCIA A SAADE DA ASSOCIAAAO DO MINISTARIO PABLICO DO RIO GRANDE DO SUL;RS;R$ 31.064.228,75;R$ 10.354.742,92;R$ 15.052.588,60
UNIMED SAO LOURENAO COOPERATIVA DE TRABALHO MADICO;MG;R$ 30.998.298,97;R$ 10.332.766,32;R$ 17.649.172,04
TERRAMAR ADMINISTRADORA DE PLANO DE SAUDE LTDA;BA;R$ 30.239.007,00;R$ 10.079.669,00;R$ 4.883.569,76
PESSOAL SAADE PLANOS DE ASSISTANCIA MADICA LTDA;SP;R$ 30.098.542,93;R$ 10.032.847,64;R$ 8.996.615,87
ASSOCIAAAO SAO LUIZ SAADE;SP;R$ 30.096.144,35;R$ 10.032.048,12;R$ 17.226.838,09
PB ASSISTENCIA MEDICA EU LTDA;BA;R$ 29.468.438,25;R$ 9.822.812,75;R$ 10.498.418,75
UNIODONTO PIRACICABA - COOPERATIVA ODONTOLAGICA;SP;R$ 29.082.633,43;R$ 9.694.211,14;R$ 5.400.955,88
UNIMED DE REGISTRO COOPERATIVA DE TRABALHO MADICO;SP;R$ 28.955.447,12;R$ 9.651.815,71;R$ 11.077.947,48
UNIMED INCONFIDENTES COOPERATIVA DE TRABALHO MADICO LTDA.;MG;R$ 28.916.669,72;R$ 9.638.889,91;R$ 15.682.568,20
UNIMED NORTE DO PARANA COOPERATIVA REGIONAL DE TRABALHO MADICO;PR;R$ 28.779.178,06;R$ 9.593.059,35;R$ 8.844.211,85
UNIMED DE PINDAMONHANGABA - COOPERATIVA TRABALHO MEDICO;SP;R$ 28.377.907,79;R$ 9.459.302,60;R$ 11.480.528,66
AMEPLAN ASSISTANCIA MADICA PLANEJADA LTDA;SP;R$ 28.335.184,77;R$ 9.445.061,59;R$ 9.106.625,02
ASSOCIAAAO BENEFICENTE DE ASSISTANCIA A SAADE DOS JUAZES DO TRABALHO DA 15AA REGIAO (ABAS 15);SP;R$ 28.236.393,63;R$ 9.412.131,21;R$ 16.237.055,33
UNIODONTO DE FORTALEZA COOPERATIVA DE TRABALHO ODONTOLOGICO LTDA;CE;R$ 28.063.451,22;R$ 9.354.483,74;R$ 8.659.250,51
UNIMED CARATINGA - COOPERATIVA DE TRABALHO MADICO LTDA;MG;R$ 28.020.785,98;R$ 9.340.261,99;R$ 15.938.919,55
PLAMED PLANO DE ASSISTENCIA MEDICA LTDA;SE;R$ 28.019.777,59;R$ 9.339.925,86;R$ 13.447.360,78
ASSOCIAAAO POLICIAL DE ASSISTANCIA A SAADE DE BAURU;SP;R$ 27.964.222,64;R$ 9.321.407,55;R$ 14.817.191,17
UNIMED REGIAO DA CAMPANHA/RS - COOPERATIVA DE ASSISTANCIA A SAADE LTDA.;RS;R$ 27.642.184,31;R$ 9.214.061,44;R$ 14.820.358,27
AMHE MED ASSISTENCIA A SAUDE LTDA - EPP;SP;R$ 27.517.526,28;R$ 9.172.508,76;R$ 15.813.042,64
SISTEMAS E PLANOS DE SAADE LTDA.;SP;R$ 27.042.975,15;R$ 9.014.325,05;R$ 7.805.173,36
UNIMED GURUPI COOPERATIVA DE TRABALHO MADICO;TO;R$ 26.865.625,18;R$ 8.955.208,39;R$ 15.196.347,90
UNIODONTO MACEIA COOPERATIVA ODONTOLAGICA;AL;R$ 26.467.744,71;R$ 8.822.581,57;R$ 6.895.944,79
UNIMED JUIZ DE FORA COOPERATIVA DE TRABALHO MADICO LTDA;MG;R$ 26.425.340,57;R$ 8.808.446,86;R$ 9.441.840,70
BRASILDENTAL OPERADORA DE PLANOS ODONTOLAGICOS S.A.;SP;R$ 26.313.366,43;R$ 8.771.122,14;R$ 9.084.829,23
ESMALE ASSISTENCIA INTERNACIONAL DE SAUDE LTDA.;AL;R$ 26.247.605,10;R$ 8.749.201,70;R$ 7.232.839,43
UNIDENTIS ASSISTENCIA ODONTOLOGICA LTDA.;PB;R$ 26.049.667,06;R$ 8.683.222,35;R$ 6.626.404,04
AMPARA ASSISTANCIA MADICA PARAASO LTDA;MG;R$ 26.016.355,34;R$ 8.672.118,45;R$ 8.543.269,31
UNIMED CHAPECA - COOPERATIVA DE TRABALHO MADICO DA REGIAO OESTE CATARINENSE;SC;R$ 25.940.847,67;R$ 8.646.949,22;R$ 8.034.210,09
UNIMED DE AVARA COOPERATIVA DE TRABALHO MADICO;SP;R$ 25.935.601,20;R$ 8.645.200,40;R$ 14.380.535,38
ASSOCIAAAO DO FISCO DE ALAGOAS;AL;R$ 25.793.701,48;R$ 8.597.900,49;R$ 9.550.439,48
UNIODONTO/RN - COOPERATIVA ODONTOLOGICA DO RIO GRANDE DO NORTE;RN;R$ 25.547.625,08;R$ 8.515.875,03;R$ 6.890.235,85
FUNDACAO CAPITAL PREVIDENCIA E SAUDE - CAPITAL PREV;ES;R$ 25.506.706,28;R$ 12.753.353,14;R$ 18.018.527,17
SANTA CASA DE MAUA SAADE;SP;R$ 25.348.769,42;R$ 8.449.589,81;R$ 13.216.292,53
ASSOCIAAAO PARANAENSE DE ASSISTANCIA A SAUDE DOS MEMBROS DO MINISTERIO PUBLICO DO PARANA;PR;R$ 25.080.022,95;R$ 8.360.007,65;R$ 10.974.501,45
MAIS SAADE PLANO DE SAADE LTDA;GO;R$ 24.835.194,98;R$ 8.278.398,33;R$ 14.316.912,37
UNIMED PETROPOLIS-RJ COOPERATIVA DE TRABALHO MADICO;RJ;R$ 24.494.664,16;R$ 8.164.888,05;R$ 12.491.577,71
UNIMED DIVINOPOLIS - COOPERATIVA DE TRABALHO MEDICO LTDA;MG;R$ 24.413.468,49;R$ 8.137.822,83;R$ 10.103.384,96
GOCARE PLANOS DE SAUDE LTDA;SP;R$ 24.314.510,93;R$ 8.104.836,98;R$ 13.652.183,63
CAIXA BENEFICENTE DOS FUNCIONARIOS DO BANCO DO ESTADO DE SAO PAULO;SP;R$ 24.297.857,31;R$ 8.099.285,77;R$ 5.771.175,15
FILOSANITAS SAUDE LTDA;SP;R$ 24.047.103,98;R$ 8.015.701,33;R$ 13.566.744,64
UNIMED DE MONTE ALTO - COOPERATIVA DE TRABALHO MADICO;SP;R$ 23.263.240,49;R$ 7.754.413,50;R$ 13.299.486,52
UNIMED DE UBA COOPERATIVA DE TRABALHO MEDICO;MG;R$ 23.163.713,04;R$ 7.721.237,68;R$ 10.230.080,31
IRMANDADE DA SANTA CASA DE MISERICARDIA E MATERNIDADE DONA ZILDA SALVAGNI;SP;R$ 23.147.962,44;R$ 7.715.987,48;R$ 13.144.354,09
SAMP ESPIRITO SANTO ASSISTENCIA MEDICA SA;ES;R$ 23.114.661,87;R$ 7.704.887,29;R$ 5.067.043,73
SANTA CASA DE MISERICARDIA DE VOTUPORANGA;SP;R$ 22.499.208,75;R$ 7.499.736,25;R$ 12.937.268,01
UNIMED TRAS PONTAS - COOPERATIVA DE TRABALHO MADICO;MG;R$ 22.455.465,25;R$ 7.485.155,08;R$ 12.241.133,66
ASSOCIACAO DOS PROFESSORES UNIVERSITARIOS DA BAHIA;BA;R$ 22.066.557,61;R$ 7.355.519,20;R$ 12.727.409,27
UNIMED VIAOSA - COOPERATIVA DE TRABALHO MADICO;MG;R$ 21.986.891,37;R$ 7.328.963,79;R$ 12.311.017,47
UNIMED PONTA GROSSA COOPERATIVA DE TRABALHO MEDICO;PR;R$ 21.833.701,66;R$ 7.277.900,55;R$ 6.039.705,75
UNIMED DE PIRASSUNUNGA COOPERATIVA DE TRABALHO MADICO;SP;R$ 21.572.000,25;R$ 7.190.666,75;R$ 12.379.200,69
INTERMEDICI PIRACICABA ASSISTENCIA MEDICA LTDA;SP;R$ 21.558.481,05;R$ 7.186.160,35;R$ 11.241.800,80
HOSPITAL DE PRONTOCLINICA LTDA.;RS;R$ 21.344.379,35;R$ 7.114.793,12;R$ 6.460.466,11
UNIMED BELAM COOPERATIVA DE TRABALHO MADICO;PA;R$ 20.831.414,46;R$ 6.943.804,82;R$ 2.846.200,12
FUNDAAAO FILANTRAPICA E BENEFICENTE DE SAADE ARNALDO GAVAZZA FILHO;MG;R$ 20.792.118,87;R$ 6.930.706,29;R$ 10.549.634,92
SV SAUDE ADMINSTRADORES DE PLANO DE SAUDE LTDA;RJ;R$ 20.690.867,69;R$ 6.896.955,90;R$ 11.744.620,50
CAIXA DE ASSISTANCIA DOS EMPREGADOS DO BANESE;SE;R$ 20.536.884,78;R$ 6.845.628,26;R$ 6.123.292,39
ATAVIA SERVIAOS DE SAADE S/A;SP;R$ 20.477.657,50;R$ 10.238.828,75;R$ 14.453.259,50
METRUS INSTITUTO DE SEGURIDADE SOCIAL;SP;R$ 20.183.096,84;R$ 6.727.698,95;R$ 9.365.513,79
RIO DOCE SAADE;ES;R$ 19.261.101,69;R$ 6.420.367,23;R$ 6.044.111,33
UNIMED LITORAL COOPERATIVA DE TRABALHO MADICO LTDA;SC;R$ 18.917.873,37;R$ 6.305.957,79;R$ 7.937.592,63
UNIMED PONTE NOVA COOPERATIVA DE TRABALHO MEDICO LTDA;MG;R$ 18.749.255,26;R$ 6.249.751,75;R$ 5.760.795,47
SUL DO PARA LTDA;PA;R$ 18.552.845,69;R$ 6.184.281,90;R$ 2.912.628,61
AME VVIDA PLANOS DE SAUDE INTEGRADO LTDA.;RO;R$ 17.753.078,08;R$ 5.917.692,69;R$ 8.573.215,98
CAIXA DE ASSISTANCIA DOS FUNCIONARIOS DO BANCO DO NORDESTE DO BRASIL;CE;R$ 17.744.791,49;R$ 5.914.930,50;R$ 103.604,91
POLI SAUDE OPERADORA DE PLANO DE SAUDE LTDA;PR;R$ 17.643.068,92;R$ 5.881.022,97;R$ 10.124.907,28
UNIMED DE SAO JOSA DO RIO PARDO-COOP. DE TRAB. MADICO;SP;R$ 17.199.266,64;R$ 5.733.088,88;R$ 9.766.334,44
ASSOCIAAAO POLICIAL DE ASSISTANCIA A SAADE;SP;R$ 16.955.699,01;R$ 1.883.966,56;R$ 4.360.252,96
UNIODONTO DE MANAUS - COOPERATIVA ODONTOLAGICA LTDA.;AM;R$ 16.658.539,89;R$ 5.552.846,63;R$ 2.733.592,16
ASSOCIAAAO PLANO DE SAADE SANTA CASA DE VALINHOS;SP;R$ 16.386.904,19;R$ 5.462.301,40;R$ 9.145.536,35
OMINT SERVIAOS DE SAADE S.A.;SP;R$ 16.247.699,45;R$ 5.415.899,82;R$ 5.541.325,96
PLAMER PLANO MEDICO RESENDE LTDA;RJ;R$ 16.237.695,66;R$ 5.412.565,22;R$ 9.001.015,68
BENSAUDE PLANO DE ASSISTENCIA MEDICA HOSPITALAR LTDA.;SP;R$ 16.221.200,10;R$ 5.407.066,70;R$ 551.149,41
UNIMED CAAADOR COOPERATIVA DE TRABALHO MADICO DA REGIAO DO CONTESTADO;SC;R$ 16.195.724,65;R$ 5.398.574,88;R$ 8.882.629,93
ECONOMUS INSTITUTO DE SEGURIDADE SOCIAL;SP;R$ 15.974.485,39;R$ 5.324.828,46;R$ 4.407.486,28
UNIMED NOROESTE FLUMINENSE - COOPERATIVA DE TRABALHO MADICO LTDA;RJ;R$ 15.953.758,31;R$ 5.317.919,44;R$ 8.584.631,12
UNIMED CATAGUASES COOPERATIVA DE TRABALHO MADICO LTDA;MG;R$ 15.869.807,82;R$ 5.289.935,94;R$ 5.024.846,41
PRONTOCLINICA E HOSPITAIS SAO LUCAS S/A;MG;R$ 15.622.086,06;R$ 5.207.362,02;R$ 6.952.306,67
UNIMED SOUSA - COOPERATIVA DE TRABALHO MADICO;PB;R$ 15.587.694,54;R$ 5.195.898,18;R$ 4.491.243,16
UNIMED UBERLANDIA COOPERATIVA REGIONAL TRABALHO MADICO LTDA;MG;R$ 15.561.116,37;R$ 5.187.038,79;R$ 4.698.247,04
CAIXA ASSISTENCIAL E BENEFICENTE DOS FUNCIONARIOS DA ACARESC;SC;R$ 15.322.708,16;R$ 5.107.569,39;R$ 7.123.187,98
CAIXA DE ASSISTANCIA DOS EMPREGADOS DO BANEB;BA;R$ 15.258.065,15;R$ 5.086.021,72;R$ 4.559.855,38
UNIMED COSTA OESTE - COOPERATIVA DE TRABALHO MADICO;PR;R$ 15.250.577,99;R$ 5.083.526,00;R$ 7.077.271,74
UNIMED ITUIUTABA COOPERATIVA TRABALHO MADICO LTDA.;MG;R$ 14.920.858,18;R$ 4.973.619,39;R$ 8.299.633,84
PLENA SAADE S.A.;SP;R$ 14.702.509,14;R$ 4.900.836,38;R$ 938.987,81
UNIMED SAO JOAO NEPOMUCENO COOPERATIVA DE TRABALHO MADICO LTDA.;MG;R$ 14.550.633,16;R$ 4.850.211,05;R$ 8.062.910,56
ASSOCIAAAO POLICIAL DE ASSISTANCIA A SAADE DA BAIXADA SANTISTA;SP;R$ 14.514.186,28;R$ 4.838.062,09;R$ 7.198.351,67
CAIXA DE ASSISTANCIA A SAADE DOS TRABALHADORES NAS INDASTRIAS METALARGICAS, MECANICAS E DO MATERIAL ELATRICO DE BRUSQUE;SC;R$ 14.459.925,37;R$ 4.819.975,12;R$ 4.120.526,21
SANTA CASA DE MISERICARDIA DE JUIZ DE FORA;MG;R$ 14.322.541,65;R$ 4.774.180,55;R$ 346.273,08
UNIMED DE CAMPOS COOPERATIVA DE TRABALHO MADICO;RJ;R$ 14.297.813,92;R$ 4.765.937,97;R$ 7.746.669,08
ASSOCIAAAO DOS AUDITORES FISCAIS DA RECEITA ESTADUAL DO RIO DE JANEIRO;RJ;R$ 14.279.284,39;R$ 4.759.761,46;R$ 8.235.638,84
AURORA SAADE LTDA;MG;R$ 14.158.210,85;R$ 4.719.403,62;R$ 3.999.309,61
UNIMED CABO FRIO COOPERATIVA TRABALHO MADICO LTDA.;RJ;R$ 14.149.423,28;R$ 4.716.474,43;R$ 7.883.378,27
UNIMED DE JATAA COOPERATIVA DE TRABALHO MADICO LTDA.;GO;R$ 13.801.658,59;R$ 4.600.552,86;R$ 7.952.076,68
UNIMED FRANCA - SOCIEDADE COOPERATIVA DE SERVIAOS MADICOS E HOSPITALARES;SP;R$ 13.758.171,50;R$ 4.586.057,17;R$ 1.916.968,29
UNIMED RIO VERDE COOPERATIVA TRABALHO MEDICO;GO;R$ 13.719.279,83;R$ 4.573.093,28;R$ 3.968.369,19
R.M.I. OPERADORA DE SAADE INTEGRADA LTDA;SP;R$ 13.631.900,89;R$ 6.815.950,44;R$ 9.333.311,96
ASSOCIAAAO POLICIAL DE ASSISTANCIA A SAADE DE ARAAATUBA (APAS);SP;R$ 13.442.638,81;R$ 4.480.879,60;R$ 6.737.823,62
ON MED ASSISTANCIA MADICA LTDA;RS;R$ 13.364.734,22;R$ 4.454.911,41;R$ 7.659.075,23
ODONTOPREV S/A;SP;R$ 13.277.003,76;R$ 4.425.667,92;R$ 5.739.862,85
BEST SENIOR OPERADORA DE SAADE LTDA;ES;R$ 13.254.912,75;R$ 4.418.304,25;R$ 7.646.798,85
SAMEL PLANO DE SAADE LTDA;AM;R$ 13.234.624,76;R$ 4.411.541,59;R$ 3.009.000,52
ANGELI SISTEMAS DE SAUDE S.A.;PR;R$ 13.185.298,63;R$ 4.395.099,54;R$ 3.924.145,48
SELECT OPERADORA DE PLANO DE SAUDE LTDA;GO;R$ 13.177.545,51;R$ 4.392.515,17;R$ 7.514.701,99
ODONTO EMPRESAS CONVENIOS DENTARIOS LTDA.;SP;R$ 12.967.112,92;R$ 4.322.370,97;R$ 5.035.582,71
NACIONAL ODONTO OPERADORA DE PLANOS ODONTOLAGICOS LTDA.;PE;R$ 12.863.359,31;R$ 4.287.786,44;R$ 3.496.717,20
UNIMED APUCARANA COOPERATIVA DE TRABALHO MADICO;PR;R$ 12.766.973,13;R$ 4.255.657,71;R$ 4.960.891,53
UNIMED PALMAS COOPERATIVA DE TRABALHO MADICO;TO;R$ 12.443.260,44;R$ 4.147.753,48;R$ 4.479.436,77
UNIMED GUARAPUAVA COOPERATIVA DE TRABALHO MADICO;PR;R$ 12.343.304,70;R$ 4.114.434,90;R$ 1.974.146,29
UNIMED DE LONDRINA COOPERATIVA DE TRABALHO MADICO;PR;R$ 12.157.309,29;R$ 4.052.436,43;R$ 4.120.752,41
CAIXA DE ASSISTANCIA DOS EMPREGADOS DO BANCO DO ESTADO DO RIO GRANDE DO SUL;RS;R$ 12.028.967,78;R$ 4.009.655,93;R$ 2.892.181,31
UNIMED DE ANDRADINA - COOPERATIVA DE TRABALHO MADICO;SP;R$ 12.007.218,16;R$ 4.002.406,05;R$ 6.482.445,34
NOTRE DAME INTERMADICA MINAS GERAIS SAADE S.A.;CE;R$ 11.866.059,33;R$ 3.955.353,11;R$ 5.384.972,14
UNIMED RONDONOPOLIS COOPERATIVA DE TRABALHO MADICO LTDA;MT;R$ 11.801.955,76;R$ 3.933.985,25;R$ 3.721.441,97
UNIODONTO DO BRASIL CENTRAL NACIONAL DAS COOPERATIVAS ODONTALOGICAS;SP;R$ 11.800.395,75;R$ 3.933.465,25;R$ 5.510.479,24
BIOVIDA SAADE LTDA.;SP;R$ 11.752.833,50;R$ 3.917.611,17;R$ 505.076,31
UNIMED DE MARILIA COOPERATIVA DE TRABALHO MADICO;SP;R$ 11.671.385,35;R$ 3.890.461,78;R$ 1.799.561,64
AMPLA PLANOS DE SAUDE LTDA;RJ;R$ 11.549.414,27;R$ 5.774.707,13;R$ 7.244.066,29
UNIMED GOVERNADOR VALADARES COOP. DE TRABALHO MADICO LTDA.;MG;R$ 11.309.057,50;R$ 3.769.685,83;R$ 3.993.957,93
ASSOCIACAO CIVIL PRA-SAADE DOS SERVIDORES DA UNIVERSIDADE ESTADUAL DE PONTA GROSSA;PR;R$ 11.182.482,15;R$ 3.727.494,05;R$ 3.393.472,97
ASSOCIAAAO GOIANA DO MINISTARIO PABLICO;GO;R$ 10.867.916,88;R$ 3.622.638,96;R$ 6.271.280,87
ASSOCIAAAO ASSISTENCIAL DE SAADE SUPLEMENTAR CRUZ AZUL SAADE;SP;R$ 10.741.816,26;R$ 3.580.605,42;R$ 2.377.941,74
UNIMED PONTAL DO TRIANGULO - COOPERATIVA DE TRABALHO MADICO;MG;R$ 10.720.886,93;R$ 3.573.628,98;R$ 5.595.984,72
SANTA CASA DE MISERICARDIA E BENEFICANCIA PORTUGUESA;SP;R$ 10.532.036,29;R$ 3.510.678,76;R$ 5.934.690,91
ASSOCIAAAO POLICIAL DE ASSISTANCIA A SAADE DE RIBEIRAO PRETO (APAS);SP;R$ 10.235.550,81;R$ 3.411.850,27;R$ 3.762.965,30
ASSOCIAAAO VALEPARAIBANA DE ASSISTANCIA MADICA POLICIAL;SP;R$ 10.138.107,58;R$ 3.379.369,19;R$ 5.321.476,14
ASSOCIAAAO DOS FUNCIONARIOS FISCAIS DO ESTADO DO AMAZONAS - AFFEAM;AM;R$ 10.097.610,57;R$ 3.365.870,19;R$ 5.383.021,90
ASSOCIACAO DE SAUDE HOLAMBRA;SP;R$ 10.092.897,40;R$ 3.364.299,13;R$ 5.825.909,45
UNIMED NOROESTE CAPIXABA COOPERATIVA DE TRABALHO MADICO.;ES;R$ 10.084.290,99;R$ 3.361.430,33;R$ 4.916.826,04
MED-TOUR ADMINISTRADORA DE BENEFACIOS E EMPREENDIMENTOS LTDA.;SP;R$ 9.897.700,10;R$ 3.299.233,37;R$ 2.829.863,82
UNIMED TEOFILO OTONI COOPERATIVA DE TRABALHO MADICO;MG;R$ 9.832.506,01;R$ 3.277.502,00;R$ 2.230.341,96
UNIMED DO OESTE DA BAHIA COOPERATIVA DE TRABALHO MADICO;BA;R$ 9.827.065,39;R$ 3.275.688,46;R$ 2.722.966,18
UNIMED DE CRICIAMA COOPERATIVA DE TRABALHO MADICO DA REGIAO CARBONAFERA;SC;R$ 9.737.480,16;R$ 3.245.826,72;R$ 5.513.268,97
S.P.A SAUDE- SISTEMA DE PROMOAAO ASSISTENCIAL;SP;R$ 9.639.252,65;R$ 3.213.084,22;R$ 4.677.472,73
ASSOCIAAAO DE ASSISTANCIA A SAADE DOS EMPREGADOS DA COPASA;MG;R$ 9.558.298,54;R$ 3.186.099,51;R$ 4.988.693,09
UNIODONTO GOIANIA COOPERATIVA DE CIRURGIAES DENTISTAS;GO;R$ 9.401.541,11;R$ 3.133.847,04;R$ 5.159.112,86
UNIMED NOROESTE DO PARANA COOP DE TRABALHO MADICO .;PR;R$ 9.290.519,12;R$ 3.096.839,71;R$ 1.975.412,88
UNIODONTO DE SC COOPERATIVA ADMINISTRADORA DE CONTRATOS;SC;R$ 9.245.252,81;R$ 3.081.750,94;R$ 5.258.027,00
UNIMED ALTO JACUA/RS - COOPERATIVA DE ASSISTANCIA A SAADE LTDA;RS;R$ 8.959.603,31;R$ 2.986.534,44;R$ 4.561.128,39
SISTEMA TOTAL DE SAADE LTDA.;SP;R$ 8.944.608,50;R$ 2.981.536,17;R$ 4.304.208,63
UNIMED NORTE CAPIXABA- COOPERATIVA DE TRABALHO MADICO;ES;R$ 8.893.603,59;R$ 2.964.534,53;R$ 4.019.394,98
ASSOCIAAAO PADRE ALBINO SAADE;SP;R$ 8.861.442,43;R$ 2.953.814,14;R$ 234.649,94
VIVENTERIS LTDA;PR;R$ 8.842.808,20;R$ 2.947.602,73;R$ 3.499.537,31
UNIMED PORTO VELHO - SOCIEDADE COOPERATIVA MADICA LTDA;RO;R$ 8.833.273,78;R$ 2.944.424,59;R$ 568.492,69
ASSOCIAAAO POLICIAL DE ASSISTENCIA A SAUDE DE SAO JOAO DA BOA VISTA;SP;R$ 8.820.092,19;R$ 2.940.030,73;R$ 4.276.222,60
ATITUDE SAADE ASSISTANCIA MEDICA LTDA;BA;R$ 8.747.638,38;R$ 2.915.879,46;R$ 4.666.362,59
UNIMED DE CATANDUVA - COOPERATIVA DE TRABALHO MADICO;SP;R$ 8.666.138,44;R$ 2.888.712,81;R$ 157.711,00
UNIMED JOAO MONLEVADE COOPERATIVA DE TRABALHO MADICO LTDA.;MG;R$ 8.552.844,20;R$ 2.850.948,07;R$ 2.062.879,38
UNIMED BARBACENA - COOPERATIVA DE TRABALHO MADICO LTDA;MG;R$ 8.482.552,03;R$ 2.827.517,34;R$ 4.593.527,54
VOCA TOTAL PLANOS DE SAADE LIMITADA;SP;R$ 8.386.609,14;R$ 2.795.536,38;R$ 3.815.594,77
UNIMED-SAO GONAALO - NITERAI - SOC.COOP.SERV.MED E HOSP LTDA;RJ;R$ 8.269.830,47;R$ 2.756.610,16;R$ 2.448.935,05
UNIODONTO DE ARARAQUARA COOPERATIVA ODONTOLAGICA;SP;R$ 8.153.274,56;R$ 2.717.758,19;R$ 2.521.991,15
UNIMED SAO CARLOS - COOPERATIVA DE TRABALHO MADICO;SP;R$ 8.126.165,32;R$ 2.708.721,77;R$ 210.720,61
UNIODONTO DE SAO JOSA DOS CAMPOS COOPERATIVA DE TRABALHO ODONTOLAGICO;SP;R$ 7.934.270,42;R$ 2.644.756,81;R$ 105.814,05
UNIMED SAO JOSE DOS CAMPOS - COOPERATIVA DE TRABALHO MEDICO;SP;R$ 7.726.732,67;R$ 2.575.577,56;R$ 4.302.745,39
UNIMED CAMPO BELO- COOPERATIVA DE TRABALHO MADICO;MG;R$ 7.683.181,55;R$ 2.561.060,52;R$ 4.077.549,86
UNIMED ANHANGUERA COOPERATIVA DE TRABALHO MADICO;SP;R$ 7.610.362,13;R$ 2.536.787,38;R$ 100.470,76
UNIMED NORTE/NORDESTE-FEDERAAAO INTERFEDERATIVA DAS SOCIEDADES COOPERATIVAS DE TRABALHO MADICO EM RECUPERAAAO JUDICIAL;PB;R$ 7.302.621,96;R$ 2.434.207,32;R$ 1.367.966,16
UNIX SAADE S.A;BA;R$ 7.275.334,71;R$ 2.425.111,57;R$ 529.791,22
UNIMED RECIFE COOPERATIVA DE TRABALHO MADICO;PE;R$ 7.261.515,27;R$ 2.420.505,09;R$ 1.270.573,26
COOPERATIVA CENTRAL UNIMED DE COOPERATIVAS DE ASSISTANCIA A SAADE DO RIO GRANDE DO SUL LTDA.;RS;R$ 7.122.826,87;R$ 2.374.275,62;R$ 2.253.467,87
MEDIC GLOBAL PLANOS DE SAADE LTDA.;MG;R$ 6.896.211,87;R$ 2.298.737,29;R$ 3.957.939,50
UNIODONTO DE JUNDIAA COOPERATIVA ODONTOLAGICA;SP;R$ 6.801.130,62;R$ 2.267.043,54;R$ 1.937.615,73
CAIXA DE ASSISTENCIA A SAUDE DA UNIVERSIDADE;MG;R$ 6.735.942,30;R$ 2.245.314,10;R$ 1.857.569,32
SOCIEDADE DE ASSISTANCIA MADICA - SAMEISA;RS;R$ 6.663.401,64;R$ 2.221.133,88;R$ 2.720.139,07
UNIMED DE BRUSQUE COOPERATIVA DE TRABALHO MADICO;SC;R$ 6.601.484,28;R$ 2.200.494,76;R$ 1.912.041,95
PERSONAL CARE OPERADORA DE SAADE SA;SP;R$ 6.330.358,35;R$ 3.165.179,17;R$ 4.414.442,13
UNIMED DE BARRETOS COOPERATIVA DE TRABALHO MADICO;SP;R$ 6.315.280,16;R$ 2.105.093,39;R$ 1.841.705,31
ASSOCIAAAO MAIS SAADE SANTA CASA DE SAO JOAO DA BOA VISTA;SP;R$ 6.308.689,44;R$ 2.102.896,48;R$ 3.608.841,80
ASSOCIAAAO SAADE SAO JOSA;SC;R$ 6.283.450,01;R$ 2.094.483,34;R$ 156.204,14
SEPACO SAADE LTDA;SP;R$ 6.277.572,17;R$ 2.092.524,06;R$ 333.271,64
ASSOCIAAAO SANTA CASA SAADE DE SAO JOSA DOS CAMPOS;SP;R$ 6.223.359,52;R$ 2.074.453,17;R$ 2.604.366,15
CAMIM OPERADORA DE PLANO DE SAADE LTDA;RJ;R$ 6.198.117,50;R$ 2.066.039,17;R$ 1.028.983,39
SAADE BRB - CAIXA DE ASSISTANCIA;DF;R$ 6.198.005,53;R$ 2.066.001,84;R$ 1.789.015,00
UNIODONTO PAULISTA-FEDERAAAO DAS COOPERATIVAS ODONTOLAGICAS DO ESTADO DE SAO PAULO;SP;R$ 6.192.168,15;R$ 2.064.056,05;R$ 3.337.047,68
UNIMED OESTE DO PARANA - COOPERATIVA DE TRABALHO MEDICO;PR;R$ 6.084.814,10;R$ 2.028.271,37;R$ 1.050.953,45
UNIMED DE PARANAVAA COOPERATIVA DE TRABALHO MADICO;PR;R$ 6.080.948,59;R$ 2.026.982,86;R$ 1.401.532,25
DENTAL MASTER LTDA - EPP;AL;R$ 6.039.051,68;R$ 2.013.017,23;R$ 989.794,97
FUNDAAAO PLAMHUV - PLANO MADICO HOSPITALAR DOS HOSPITAIS UNIDOS DE VIAOSA;MG;R$ 6.030.573,14;R$ 2.010.191,05;R$ 3.423.443,04
COOPERATIVA DE TRABALHO MADICO DO PLANALTO NORTE DE SANTA CATARINA LTDA;SC;R$ 5.900.477,36;R$ 1.966.825,79;R$ 948.475,57
UNIMED AMPARO COOPERATIVA DE TRABALHO MADICO;SP;R$ 5.794.257,95;R$ 1.931.419,32;R$ 1.597.085,95
SAO FRANCISCO ASSISTANCIA MADICA LTDA;PE;R$ 5.749.062,31;R$ 1.916.354,10;R$ 1.327.557,52
UNIMED VERTENTE DO CAPARAA - COOPERATIVA DE TRABALHO MADICO LTDA;MG;R$ 5.707.434,35;R$ 1.902.478,12;R$ 2.096.618,05
CAIXA DE ASSISTANCIA OSWALDO CRUZ;RJ;R$ 5.687.261,06;R$ 1.895.753,69;R$ 131.894,85
AMESC - ASSOCIAAAO MADICA ESPARITA CRISTA;RJ;R$ 5.543.661,83;R$ 1.847.887,28;R$ 1.527.584,13
UNIODONTO JACAREA COOPERATIVA ODONTOLAGICA;SP;R$ 5.512.295,69;R$ 1.837.431,90;R$ 1.655.654,32
CAIXA DE ASSISTANCIA AOS MEMBROS DA DEFENSORIA PABLICA DO ESTADO DO RIO DE JANEIRO;RJ;R$ 5.490.524,44;R$ 1.830.174,81;R$ 3.154.024,03
UNIMED VARGINHA COOPERATIVA DE TRABALHO MADICO;MG;R$ 5.459.797,71;R$ 1.819.932,57;R$ 2.016.382,78
OPLAN SAADE OPERADORA DE PLANO DE SAADE LTDA;RJ;R$ 5.455.655,87;R$ 1.818.551,96;R$ 3.129.479,77
UNIMED DE PRESIDENTE PRUDENTE COOPERATIVA DE TRAB. MADICO;SP;R$ 5.449.433,00;R$ 1.816.477,67;R$ 1.921.926,89
HSMED SAUDE LTDA;RJ;R$ 5.435.454,91;R$ 1.811.818,30;R$ 1.320.699,41
ASSOCIAAAO SANTA CASA CLANICAS DE BIRIGUI;SP;R$ 5.348.869,95;R$ 1.782.956,65;R$ 1.727.596,97
UNIODONTO DE PRESIDENTE PRUDENTE COOPERATIVA ODONTOLOGICA;SP;R$ 5.326.599,30;R$ 1.775.533,10;R$ 1.647.443,85
UNIMED PLANALTO MADIO/RS - COOPERATIVA DE ASSISTANCIA A SAADE LTDA.;RS;R$ 5.299.016,03;R$ 1.766.338,68;R$ 31.193,79
CAIXA ASSISTENCIAL UNIVERSITARIA DO RIO DE JANEIRO;RJ;R$ 5.208.438,69;R$ 1.736.146,23;R$ 3.000.627,99
CAIXA DE ASSISTANCIA A SAADE - CABERJ;RJ;R$ 4.940.485,56;R$ 1.646.828,52;R$ 171.504,86
ASSOCIAAAO DOS SERVIDORES PABLICOS DA ADMINISTRAAAO DIRETA DO GOVERNO DO ESTADO DO PARA - ASPARA;PA;R$ 4.937.061,93;R$ 1.645.687,31;R$ 2.535.936,13
SEMPRE ODONTO PLANOS ODONTOLOGICOS LTDA;RJ;R$ 4.893.501,51;R$ 1.631.167,17;R$ 2.763.514,32
ASSOCIAAAO DE SAADE DO VALE;SC;R$ 4.869.245,56;R$ 1.623.081,85;R$ 1.044.023,86
PRONTO SOCORRO CONDE DE MOREIRA LIMA;SP;R$ 4.832.818,54;R$ 1.610.939,51;R$ 2.553.707,51
SAADE SANTA TEREZA LTDA.;SP;R$ 4.816.982,81;R$ 1.605.660,94;R$ 1.384.495,37
DENTAL GOLD ASSISTANCIA ODONTOLAGICA LTDA.;PB;R$ 4.715.367,54;R$ 1.571.789,18;R$ 1.176.429,94
UNIODONTO VALE HISTORICO COOPERATIVA ODONTOLOGICA;SP;R$ 4.704.551,05;R$ 1.568.183,68;R$ 1.370.847,54
UNIODONTO DE AMERICANA COOPERATIVA ODONTOLAGICA;SP;R$ 4.691.998,49;R$ 1.563.999,50;R$ 402.016,21
UNIMED DE BATATAIS - COOPERATIVA DE TRABALHO MADICO;SP;R$ 4.601.842,93;R$ 1.533.947,64;R$ 1.708.219,69
UNIODONTO DE JOAO PESSOA COOPERATIVA ODONTOLAGICA;PB;R$ 4.572.865,71;R$ 1.524.288,57;R$ 2.196.539,83
ASSOCIAAAO POLICIAL DE ASSISTANCIA A SAADE APAS;SP;R$ 4.522.852,54;R$ 1.507.617,51;R$ 1.365.248,57
ANICA ASSISTENCIA MEDICA LTDA;SP;R$ 4.492.731,65;R$ 1.497.577,22;R$ 50.029,11
UNIODONTO DE SOROCABA COOPERATIVA ODONTOLAGICA;SP;R$ 4.479.280,49;R$ 1.493.093,50;R$ 1.722.838,52
SAO DOMINGOS SAADE- ASSISTANCIA MADICA  LTDA;SP;R$ 4.441.269,03;R$ 1.480.423,01;R$ 37.294,61
UNIMED GUAXUPA COOPERATIVA DE TRABALHO MEDICO;MG;R$ 4.428.847,18;R$ 1.476.282,39;R$ 781.273,60
CAIXA BENEFICENTE DOS FUNCIONARIOS DO GRUPO IGUAAU;PR;R$ 4.414.410,85;R$ 1.471.470,28;R$ 1.753.797,18
PLADISA PLANOS DE SAADE SA;SC;R$ 4.407.197,56;R$ 1.469.065,85;R$ 379.147,83
UNIMED VALE DAS ANTAS, RS - COOPERATIVA DE ASSISTANCIA A SAADE LTDA.;RS;R$ 4.340.936,17;R$ 1.446.978,72;R$ 953.833,69
COMSEDER - COOPERATIVA DE ASSISTANCIA MADICA DOS SERVIDORES DA SUPLAN E DO DER LTDA;PB;R$ 4.324.994,54;R$ 1.441.664,85;R$ 2.354.423,94
ASSOCIAAAO POLICIAL DE ASSISTANCIA A SAADE - VALE DO RIBEIRA;SP;R$ 4.318.544,31;R$ 1.439.514,77;R$ 1.004.616,87
CAIXA DE ASSISTANCIA DOS EMPREGADOS DO SETOR PABLICO DO ESTADO DE GOIAS - CAEME;GO;R$ 4.273.552,00;R$ 1.424.517,33;R$ 1.652.850,35
ASSOCIAAAO SANTA SAADE;SP;R$ 4.225.986,20;R$ 1.408.662,07;R$ 2.200.862,45
SIM - CAIXA DE ASSISTANCIA A SAADE;SC;R$ 4.156.514,06;R$ 1.385.504,69;R$ 1.193.309,54
BENEFICENCIA SOCIAL BOM SAMARITANO;MG;R$ 4.093.138,95;R$ 1.364.379,65;R$ 1.534.575,32
COOPERATIVA DE TRABALHO ODONTOLOGICO - UNIODONTO ITAJUBA;MG;R$ 3.970.211,19;R$ 1.323.403,73;R$ 1.158.123,04
PD BRASIL ASSISTENCIA ODONTOLOGICA LTDA;MG;R$ 3.961.148,00;R$ 1.320.382,67;R$ 1.084.194,35
QUALICORP ADMINISTRADORA DE BENEFACIOS S.A.;SP;R$ 3.879.567,41;R$ 1.939.783,70;R$ 2.649.582,57
UNIMED DE CIANORTE - COOPERATIVA DE TRABALHO MEDICO;PR;R$ 3.874.650,48;R$ 1.291.550,16;R$ 77.225,74
UNIMED VALE DO PARAABA - FEDERAAAO INTRAFEDERATIVA DAS COOPERATIVAS MADICAS;SP;R$ 3.868.998,79;R$ 1.289.666,26;R$ 1.965.288,30
MEDHEALTH PLANOS DE SAADE LTDA;PR;R$ 3.788.048,31;R$ 1.262.682,77;R$ 2.020.992,86
UNIMED LITORAL SUL/RS - COOPERATIVA DE ASSISTANCIA A SAADE LTDA.;RS;R$ 3.777.929,44;R$ 1.259.309,81;R$ 184.893,88
AMAZANIA PLANOS DE SAADE LTDA;PA;R$ 3.776.482,24;R$ 1.258.827,41;R$ 2.098.364,85
UNIMED OS BANDEIRANTES COOPERATIVA DE TRABALHO MADICO;SP;R$ 3.751.689,55;R$ 1.250.563,18;R$ 965.213,84
SF SISTEMAS DE SAADE LTDA;SP;R$ 3.747.907,90;R$ 1.249.302,63;R$ 1.157.680,89
UNIMED DE ASSIS COOPERATIVA DE TRABALHO MADICO;SP;R$ 3.697.601,85;R$ 1.232.533,95;R$ 637.198,66
ASSOC DE ASSIST A SAADE DOS SERV DAS UNIV E INST FED, EST E/OU FAC PART EM PE;PE;R$ 3.683.254,59;R$ 1.227.751,53;R$ 691.899,23
UNIMED SERRA GAUCHA/RS COOPERATIVA DE ASSISTENCIA A SAUDE LTDA;RS;R$ 3.682.537,32;R$ 1.227.512,44;R$ 449.837,19
UNIMED TRAS CORAAAES COOPERATIVA DE TRABALHO MADICO LTDA.;MG;R$ 3.664.693,50;R$ 1.221.564,50;R$ 1.951.682,11
SAUDE PAS - MEDICINA E ODONTO;RS;R$ 3.661.619,58;R$ 1.220.539,86;R$ 119.575,47
UNIMED PATO BRANCO SOCIEDADE COOPERATIVA DE MADICOS;PR;R$ 3.631.868,07;R$ 1.210.622,69;R$ 1.139.340,13
FUNDO DE ASSISTANCIA MADICO-HOSPITALAR DO MINISTARIO PABLICO;MS;R$ 3.544.324,23;R$ 1.181.441,41;R$ 1.859.866,16
S1 OPERADORA DE PLANO DE SAADE LTDA;DF;R$ 3.539.397,50;R$ 1.179.799,17;R$ 1.919.508,64
UNIMED ALTO DA SERRA - SOCIEDADE COOPERATIVA DE SERVIAO MADICO LTDA.;RS;R$ 3.523.556,40;R$ 1.174.518,80;R$ 938.514,15
ASSOCIAAAO SANTA CASA SAADE DE ARAAATUBA;SP;R$ 3.490.874,62;R$ 1.163.624,87;R$ 78.576,79
UNIMED DO SUDOESTE COOPERATIVA DE TRABALHO MEDICO LTDA;BA;R$ 3.484.346,14;R$ 1.161.448,71;R$ 831.738,23
ASSOCIAAAO UNISAUDE MARAU;RS;R$ 3.445.501,65;R$ 1.148.500,55;R$ 518.184,03
PRONTOMED PLANOS DE SAADE LTDA;MG;R$ 3.432.726,23;R$ 1.144.242,08;R$ 985.435,33
UNIMED DO CEARA - FEDERAAAO DAS SOCIEDADES COOPERATIVAS MADICAS DO ESTADO DO CEARA LTDA.;CE;R$ 3.372.140,47;R$ 1.124.046,82;R$ 134.050,51
DOCTOR CLIN OPERADORA DE PLANOS DE SAADE LTDA.;RS;R$ 3.328.601,14;R$ 1.109.533,71;R$ 299.391,72
ANIX OPERADORA DE PLANOS DE SAADE LTDA;RJ;R$ 3.207.791,74;R$ 1.069.263,91;R$ 849.209,59
UNIODONTO PORTO ALEGRE COOPERATIVA ODONTOLOGICA LTDA;RS;R$ 3.129.342,08;R$ 1.043.114,03;R$ 584.330,91
ASSOCIACAO DOS SERVIDORES DA EMDAGRO - ASSEM;SE;R$ 3.089.484,25;R$ 1.029.828,08;R$ 1.006.370,26
CENTRO DE ENDOCRINOLOGIA DE JUNDIAA S/S LTDA;SP;R$ 3.079.828,70;R$ 1.026.609,57;R$ 938.888,38
AGROS - INSTITUTO UFV DE SEGURIDADE SOCIAL;MG;R$ 3.078.851,44;R$ 1.026.283,81;R$ 748.139,24
DENTAL CENTER LTDA;PB;R$ 3.023.404,47;R$ 1.007.801,49;R$ 1.097.427,77
OESTE SAADE ASSISTANCIA A SAADE SUPLEMENTAR S.A;SP;R$ 3.012.987,35;R$ 1.004.329,12;R$ 66.009,73
UNIMED VALE DO URUCUIA - COOPERATIVA DE TRABALHO MEDICO LTDA;MG;R$ 2.982.309,85;R$ 994.103,28;R$ 1.340.645,98
INSTITUIAAO BENEFICENTE CEL MASSOT - IBCM;RS;R$ 2.975.098,12;R$ 991.699,37;R$ 675.889,26
ODONTOART PLANOS ODONTOLAGICOS LTDA;CE;R$ 2.915.278,07;R$ 971.759,36;R$ 1.643.025,09
UNIMED CAJAZEIRAS - SOCIEDADE COOPERATIVA DE TRABALHO MADICO;PB;R$ 2.903.001,92;R$ 967.667,31;R$ 981.133,52
UNIMED SUDOESTE PAULISTA COOPERATIVA DE TRABALHO MADICO;SP;R$ 2.899.995,13;R$ 966.665,04;R$ 1.090.554,85
SAMIG - SERV. DE ASSISTENCIA MEDICA DA ILHA DO GOVERNADOR LTDA;RJ;R$ 2.890.479,46;R$ 963.493,15;R$ 757.560,62
ASSOCIAAAO POLICIAL DE ASSISTANCIA A SAADE DE DRACENA;SP;R$ 2.882.624,57;R$ 960.874,86;R$ 1.433.613,68
UNIMED LESTE PAULISTA COOPERATIVA DE TRABALHO MADICO;SP;R$ 2.834.531,22;R$ 944.843,74;R$ 800.266,05
MEDGOLD ASSISTENCIA MEDICA LTDA - ME;MG;R$ 2.829.130,40;R$ 943.043,47;R$ 963.355,33
SOBAM CENTRO MADICO HOSPITALAR S.A.;SP;R$ 2.809.319,04;R$ 936.439,68;R$ 1.121.248,17
ASSOCIAAAO HOSPITAL SAADE DE VARGEM GRANDE DO SUL;SP;R$ 2.796.635,79;R$ 932.211,93;R$ 1.612.099,64
FUNDAAAO CESP;SP;R$ 2.769.319,48;R$ 923.106,49;R$ 64.047,71
SD-M OPERADORA DE PLANOS DE SAUDE LTDA;RJ;R$ 2.734.657,32;R$ 911.552,44;R$ 1.142.598,77
UNIODONTO RS FEDERACAO DAS UNIODONTOS DO RGS LTDA;RS;R$ 2.713.476,77;R$ 904.492,26;R$ 920.161,64
UNIMED ALTO VALE - COOPERATIVA DE TRABALHO MADICO;SC;R$ 2.699.332,01;R$ 899.777,34;R$ 1.309.675,36
UNIMED SAO JOAO DEL REI - COOPERATIVA DE TRABALHO MADICO;MG;R$ 2.659.442,36;R$ 886.480,79;R$ 527.086,93
FUNDAAAO COPEL DE PREVIDANCIA E ASSISTANCIA SOCIAL;PR;R$ 2.640.103,96;R$ 880.034,65;R$ 593.053,78
UNIMED SAO SEBASTIAO DO PARAASO COOPERATIVA DE TRABALHO MADICO;MG;R$ 2.639.261,37;R$ 879.753,79;R$ 1.107.477,42
PRESERVE SAUDE ASSISTENCIA MEDICA LTDA;BA;R$ 2.600.225,28;R$ 866.741,76;R$ 1.434.908,30
SAO LUCAS SAADE S/A;SP;R$ 2.595.955,83;R$ 865.318,61;R$ 63.284,67
SANTA CASA DE SAADE - SCS;ES;R$ 2.467.160,66;R$ 822.386,89;R$ 700.697,45
UNIMED DE TAUBATA COOPERATIVA DE TRABALHO MADICO;SP;R$ 2.389.548,86;R$ 796.516,29;R$ 604.107,86
ASSOCIAAAO DOS FISCAIS DE TRIBUTOS ESTADUAIS DO RS - AFISVEC;RS;R$ 2.344.231,96;R$ 781.410,65;R$ 895.274,06
FUNDAAAO CHESF DE ASSISTANCIA E SEGURIDADE SOCIAL;PE;R$ 2.339.090,20;R$ 779.696,73;R$ 10.405,17
BRADESCO SAADE - OPERADORA DE PLANOS  S/A;SP;R$ 2.330.089,06;R$ 776.696,35;R$ 292.606,87
PRIMA VIDA ODONTOLOGIA DE GRUPO LIMITADA;RJ;R$ 2.301.330,64;R$ 767.110,21;R$ 18.726,86
UNIMED DO ESTADO DO PARANA FEDERAAAO ESTADUAL DAS COOPERATIVAS MADICAS;PR;R$ 2.272.918,15;R$ 757.639,38;R$ 1.025.993,62
ORALE ASSISTANCIA ODONTOLAGICA LTDA;BA;R$ 2.256.750,90;R$ 752.250,30;R$ 59.206,70
UNIMED PARA DE MINAS COOPERATIVA DE TRABALHO MADICO LTDA.;MG;R$ 2.248.089,56;R$ 749.363,19;R$ 630.399,53
UNIMED ERECHIM - COOPERATIVA DE SERVIAOS DE SAADE LTDA.;RS;R$ 2.207.654,72;R$ 735.884,91;R$ 201.294,84
FUNASA SAADE;PB;R$ 2.157.057,87;R$ 719.019,29;R$ 311.508,16
SALUSMED OPERADORA DE PLANOS DE SAUDE LTDA;SP;R$ 2.111.255,71;R$ 703.751,90;R$ 828.610,56
UNIMED DE MINEIROS COOPERATIVA DE TRABALHO MADICO;GO;R$ 2.096.284,29;R$ 698.761,43;R$ 604.117,92
ASSOCIAAAO FUNDO DE PROTEAAO A SAADE;PR;R$ 2.094.093,72;R$ 698.031,24;R$ 447.789,34
UNIMED VALE DO SINOS - COOPERATIVA DE ASSISTANCIA A SAADE LTDA;RS;R$ 2.084.017,80;R$ 694.672,60;R$ 336.261,27
ASSOCIAAAO DE SAADE DOS FORNECEDORES DE CANA DE PIRACICABA E REGIAO;SP;R$ 2.070.934,23;R$ 690.311,41;R$ 840.825,70
DENTAL PLUS CONVANIO ODONTOLAGICO LTDA.;SP;R$ 2.056.735,64;R$ 685.578,55;R$ 110.910,96
UNIMED CACERES COOPERATIVA DE TRABALHO MADICO;MT;R$ 2.028.118,31;R$ 676.039,44;R$ 306.515,92
HBC SAADE LTDA.;SP;R$ 2.003.164,91;R$ 667.721,64;R$ 692.218,09
SANTA HELENA ASSISTANCIA MADICA S/A.;SP;R$ 1.983.431,90;R$ 661.143,97;R$ 944.240,02
ASSOCIAAAO DE ASSISTANCIA A SAADE DA AMAGIS;MG;R$ 1.972.890,54;R$ 657.630,18;R$ 569.400,88
POLICLIN SAADE S/A.;SP;R$ 1.955.651,54;R$ 651.883,85;R$ 164.548,73
PLANO DE ASSISTANCIA ODONTOLAGICA FAUCHARD LTDA. ME;BA;R$ 1.941.136,55;R$ 647.045,52;R$ 1.037.890,23
SISTEMA PREVSAUDE DENTAL LTDA;CE;R$ 1.905.152,79;R$ 635.050,93;R$ 310.623,22
SOCIEDADE BENEFICENTE DEZOITO DE JULHO;MG;R$ 1.787.053,82;R$ 595.684,61;R$ 69.376,47
CARING SAADE ASSISTANCIA MADICA LTDA.;RJ;R$ 1.776.431,33;R$ 592.143,78;R$ 410.156,47
UNIMED DE SAO ROQUE - COOPERATIVA DE TRABALHO MADICO;SP;R$ 1.743.829,04;R$ 581.276,35;R$ 505.569,90
UNIMED REGIONAL SUL GOIAS COOP. DE TRABALHO MADICO LTDA;GO;R$ 1.729.608,93;R$ 576.536,31;R$ 689.138,38
UNIMED DE LENAOIS PAULISTA - COOPERATIVA DE TRABALHO MADICO;SP;R$ 1.707.195,09;R$ 569.065,03;R$ 416.641,71
ASSOCIAAAO POLICIAL DE ASSISTENCIA A SAUDE DE BOTUCATU;SP;R$ 1.687.725,69;R$ 562.575,23;R$ 898.244,67
INNOVA PLANO DE SAUDE LTDA;RO;R$ 1.650.766,10;R$ 825.383,05;R$ 1.036.880,09
UNIMED RIO BRANCO COOPERATIVA DE TRABALHO MEDICO LTDA;AC;R$ 1.646.901,91;R$ 548.967,30;R$ 573.030,03
COOPERATIVA DE TRABALHO MEDICO DE ARAGUAANA - UNIMED ARAGUAANA;TO;R$ 1.643.867,45;R$ 547.955,82;R$ 463.056,68
FUNDAAAO LIBERTAS DE SEGURIDADE SOCIAL;MG;R$ 1.634.138,90;R$ 544.712,97;R$ 375.894,98
UNIMED DE LINS - COOPERATIVA DE TRABALHOS MADICOS;SP;R$ 1.630.684,16;R$ 543.561,39;R$ 401.814,54
UNIMED FRUTAL COOPERATIVA DE TRABALHO MEDICO LTDA;MG;R$ 1.622.572,61;R$ 540.857,54;R$ 501.756,69
SANTA CASA DE MISERICORDIA HOSPITAL SAO VICENTE;SP;R$ 1.607.359,42;R$ 535.786,47;R$ 915.848,36
SOCIEDADE PORTUGUESA DE BENEFICANCIA;RS;R$ 1.603.955,47;R$ 534.651,82;R$ 452.235,90
UNIMED ALTO SAO FRANCISCO COOPERATIVA DE TRABALHO MADICO;MG;R$ 1.576.835,04;R$ 525.611,68;R$ 902.272,13
HEALTH-MED SISTEMA DE SAUDE LTDA;RJ;R$ 1.520.618,77;R$ 506.872,92;R$ 489.440,46
ODONT-OPERADORA ODONTOLOGICA LTDA;SP;R$ 1.506.977,85;R$ 502.325,95;R$ 297.429,96
TOTAL ASSISTANCIA MADICA HOSPITALAR LTDA;MG;R$ 1.504.721,03;R$ 501.573,68;R$ 310.048,25
UNIMED DE CAAAPAVA - COOPERATIVA DE TRABALHO MEDICO;SP;R$ 1.501.942,29;R$ 500.647,43;R$ 434.057,57
PARANA ASSISTENCIA MEDICA LTDA;PR;R$ 1.483.402,30;R$ 494.467,43;R$ 508.104,12
PLANO ASSISTENCIAL SAO LUCAS LTDA;MG;R$ 1.463.399,81;R$ 487.799,94;R$ 295.735,15
AMEP FREGUESIA OPERADORA DE PLANO DE SAUDE LTDA;RJ;R$ 1.454.502,68;R$ 484.834,23;R$ 674.640,14
ASSOCIAAAO SAADE CONCEIAAO;SC;R$ 1.447.474,00;R$ 482.491,33;R$ 415.472,17
QUALIDONTO - QUALIDADE EM ODONTOLOGIA LTDA;BA;R$ 1.424.809,03;R$ 474.936,34;R$ 589.048,65
UNIMED COSTA DO DESCOBRIMENTO COOPERATIVA DE TRABALHO MADICO;BA;R$ 1.416.199,83;R$ 472.066,61;R$ 593.297,96
UNIMED TERESINA - COOPERATIVA DE TRABALHO MADICO;PI;R$ 1.407.379,65;R$ 469.126,55;R$ 23.120,59
CAIXA DE ASSISTANCIA DOS SERVIDORES FAZENDARIOS ESTADUAIS;CE;R$ 1.389.927,36;R$ 463.309,12;R$ 153.251,73
UNIODONTO DE MATO GROSSO COOP TRAB ODONTOLOGICO LTDA;MT;R$ 1.389.592,91;R$ 463.197,64;R$ 479.456,10
BIORAL SISTEMA ODONTOLAGICO LTDA.;SP;R$ 1.385.938,70;R$ 461.979,57;R$ 376.350,44
LEVE SAUDE OPERADORA DE PLANOS DE SAUDE S.A;RJ;R$ 1.382.154,20;R$ 460.718,07;R$ 695.265,09
UNIMED NORTE FLUMINENSE COOPERATIVA DE TRABALHO MEDICO;RJ;R$ 1.367.450,63;R$ 455.816,88;R$ 453.230,18
PORTO DIAS SAUDE LTDA.;PA;R$ 1.333.593,92;R$ 444.531,31;R$ 667.152,27
UNIVIDA USA OPERADORA EM SAUDE S/A;SP;R$ 1.316.547,23;R$ 438.849,08;R$ 395.673,30
UNIMED SUL PAULISTA - COOPERATIVA DE TRABALHO MADICO;SP;R$ 1.314.545,78;R$ 438.181,93;R$ 361.403,43
UNIMED PELOTAS/RS - COOPERATIVA DE ASSISTANCIA A SAADE LTDA.;RS;R$ 1.294.225,62;R$ 431.408,54;R$ 338.430,77
PREVENT SENIOR CORPORATE OPERADORA DE SAADE LTDA.;SP;R$ 1.293.697,09;R$ 431.232,36;R$ 736.379,90
HOSPITAL DE CARIDADE SAO VICENTE DE PAULO;PR;R$ 1.290.848,92;R$ 430.282,97;R$ 324.267,11
CEDPLAN SAADE LTDA EPP;MG;R$ 1.286.395,35;R$ 428.798,45;R$ 699.431,27
PORTOMED - PORTO SEGURO SERVIAOS DE SAUDE LTDA;SP;R$ 1.270.631,55;R$ 423.543,85;R$ 681.034,52
PLANO DE ASSISTANCIA MADICA MINEIRA LTDA;MG;R$ 1.269.864,35;R$ 423.288,12;R$ 303.726,33
UNIMED MORRINHOS COOPERATIVA DE TRABALHO MEDICO;GO;R$ 1.247.795,41;R$ 415.931,80;R$ 577.420,45
ASSOCIAAAO DO PLANO DE SAADE DA SANTA CASA DE MISERICARDIA DE ITABUNA - PLANSUL;BA;R$ 1.228.931,79;R$ 409.643,93;R$ 367.453,31
UNIMED PATROCANIO COOPERATIVA DE TRABALHO MADICO LTDA.;MG;R$ 1.214.273,86;R$ 404.757,95;R$ 88.892,24
ODILE SERVIAOS DE SAADE LTDA.;SP;R$ 1.203.512,08;R$ 401.170,69;R$ 27.437,48
CROWN ODONTOLOGIA DE GRUPO LTDA;SP;R$ 1.184.578,50;R$ 394.859,50;R$ 380.077,17
UNIMED LEOPOLDINA COOPERATIVA DE TRABALHO MADICO LTDA;MG;R$ 1.180.703,89;R$ 393.567,96;R$ 639.405,48
DENTALPAR ASSISTANCIA ODONTOLAGICA EMPRESARIAL LTDA.;SP;R$ 1.179.682,24;R$ 393.227,41;R$ 664.531,72
UNIMED PLANALTO CENTRAL/RS - COOPERATIVA DE ASSISTANCIA  A SAADE LTDA.;RS;R$ 1.166.455,84;R$ 388.818,61;R$ 89.956,83
INTEGRA ASSISTENCIA MEDICA SA;SP;R$ 1.165.159,12;R$ 388.386,37;R$ 29.527,12
AESP ODONTO ASSISTANCIA ODONTOLAGICA S/S LTDA EPP;SP;R$ 1.154.802,11;R$ 384.934,04;R$ 573.048,26
CARE PLUS ODONTOLOGIA ASSISTENCIAL LTDA.;SP;R$ 1.133.626,36;R$ 377.875,45;R$ 176.628,41
TRINO - ALIANCA FILANTRAPICA DE ASSISTANCIA E INTEGRAAAO PARA O DESENVOLVIMENTO DA SAUDE;ES;R$ 1.112.513,56;R$ 370.837,85;R$ 167.410,66
LIFE EMPRESARIAL SAADE LTDA.;SP;R$ 1.086.208,69;R$ 362.069,56;R$ 283.838,77
UNIMED MACHADO COOPERATIVA DE TRABALHO MEDICO;MG;R$ 1.069.539,93;R$ 356.513,31;R$ 2.185,35
EVANGELICO SAUDE LTDA.;PR;R$ 1.064.630,31;R$ 354.876,77;R$ 538.879,23
IRMANDADE DE MISERICORDIA DE PORTO FERREIRA;SP;R$ 1.063.574,44;R$ 354.524,81;R$ 80.536,49
ODONTO SEG OPERADORA DE PLANOS ODONTOLOGICOS S.A.;SP;R$ 1.034.920,12;R$ 344.973,37;R$ 478.358,29
MATAO CLINICAS & AMHMA SAADE LTDA;SP;R$ 1.026.254,20;R$ 342.084,73;R$ 41.519,58
UNIMED FRONTEIRA NOROESTE/RS - COOPERATIVA DE ASSISTANCIA A SAADE LTDA.;RS;R$ 970.689,64;R$ 323.563,21;R$ 145.153,44
DONA SAADE CLINICAS LTDA;SP;R$ 917.725,74;R$ 305.908,58;R$ 431.951,52
LEADER ASSISTANCIA MADICA E HOSPITALAR LTDA.;SP;R$ 908.711,82;R$ 302.903,94;R$ 329.901,68
TELOS - FUNDAAAO EMBRATEL DE SEGURIDADE SOCIAL;RJ;R$ 886.878,35;R$ 295.626,12;R$ 2.555,15
CAIXA SEGURADORA ESPECIALIZADA EM SAADE S/A;SP;R$ 882.028,51;R$ 294.009,50;R$ 263.936,46
SAME-SERVIAO DE ASSISTANCIA MADICA EMPRESARIAL LTDA.;MA;R$ 881.915,51;R$ 293.971,84;R$ 343.886,61
MH VIDA - OPERADORA DE PLANOS DE SAADE LTDA;RJ;R$ 874.141,42;R$ 291.380,47;R$ 16.555,80
ASSOCIAAAO DOS FUNCIONARIOS DO FISCO DO ESTADO DE GOIAS;GO;R$ 851.480,99;R$ 283.827,00;R$ 480.747,18
CAIXA DE ASSISTANCIA DOS FUNCIONARIOS DO BANCO DA AMAZANIA - CASF;PA;R$ 850.694,95;R$ 283.564,98;R$ 112.666,82
CONFIANAA ASSISTANCIA MADICO HOSPITALAR LTDA;MG;R$ 847.545,30;R$ 282.515,10;R$ 398.141,04
SULMED - ASSISTANCIA MADICA LTDA;RS;R$ 834.928,08;R$ 278.309,36;R$ 278.086,81
UNIMED INTRAFEDERATIVA FEDERAAAO REGIONAL SUL DE MINAS;MG;R$ 815.157,33;R$ 271.719,11;R$ 437.500,98
UNIMED CENTRO SUL FLUMINENSE COOPERATIVA DE TRABALHO MADICO;RJ;R$ 790.113,89;R$ 263.371,30;R$ 442.548,72
SERVDONTO - PLANO DE ASSISTANCIA ODONTOLAGICA LTDA;SE;R$ 779.274,17;R$ 259.758,06;R$ 139.873,99
ASSOCIAAAO POLICIAL DE ASSISTANCIA A SAADE DE JAA;SP;R$ 728.880,39;R$ 242.960,13;R$ 16.833,19
BRASIL ODONTO OPERADORA DE PLANOS ODONTOLAGICOS LTDA;TO;R$ 724.924,42;R$ 241.641,47;R$ 320.555,65
UNIMED REGIONAL DE FLORIANO - COOPERATIVA DE TRABALHO MADICO;PI;R$ 685.439,35;R$ 228.479,78;R$ 10.465,51
UNIMED VALE DO CARANGOLA COOPERATIVA DE TRABALHO MEDICO LTDA;MG;R$ 676.088,87;R$ 225.362,96;R$ 279.705,66
UNIMED ITAJUBA COOPERATIVA DE TRABALHO MEDICO;MG;R$ 673.205,08;R$ 224.401,69;R$ 279.612,16
PLAMEDH - PLANO DE ASSISTANCIA MADICO-HOSPITALAR LTDA;MG;R$ 615.588,66;R$ 307.794,33;R$ 3.427,30
PLENUM ASSISTENCIA MEDICA  LTDA;DF;R$ 615.227,64;R$ 307.613,82;R$ 150.158,01
CONFERANCIA SAO JOSA DO AVAA;RJ;R$ 612.291,49;R$ 204.097,16;R$ 19.711,53
UNIODONTO DE SERTAOZINHO SP COOPERATIVA ODONTOLOGICA;SP;R$ 605.111,83;R$ 302.555,91;R$ 384.451,18
UNIODONTO REGIONAL COOPERATIVA ODONTOLOGICA;MG;R$ 588.991,03;R$ 196.330,34;R$ 101.927,37
UNIMED DE TATUI - COOPERATIVA DE TRABALHO MADICO;SP;R$ 588.225,96;R$ 196.075,32;R$ 35.309,05
REAL GRANDEZA - FUNDAAAO DE PREVIDANCIA E ASSISTANCIA SOCIAL;RJ;R$ 584.671,25;R$ 194.890,42;R$ 162.772,29
UNIMED REGIONAL DE TRES LAGOAS COOPERATIVA DE TRABALHO MADICO;MS;R$ 570.774,54;R$ 190.258,18;R$ 130.698,72
UNIMED LAVRAS COOPERATIVA DE TRABALHO MADICO;MG;R$ 564.182,05;R$ 188.060,68;R$ 122.974,18
UNIMED SUDOESTE DE MINAS COOPERATIVA DE TRABALHO MADICO;MG;R$ 551.409,12;R$ 183.803,04;R$ 279.710,40
ASSOCIAAAO DOS FUNCIONARIOS PUBLICOS DO ESTADO DO RIO GRANDE DO SUL;RS;R$ 550.010,32;R$ 183.336,77;R$ 198.553,89
ASSOCIACAO POLICIAL DE ASSISTENCIA A SAUDE DE ITAPETININGA;SP;R$ 542.529,52;R$ 180.843,17;R$ 88.914,05
ODONTOGROUP SISTEMA DE SAADE LTDA.;DF;R$ 539.359,90;R$ 179.786,63;R$ 74.101,89
UNIMED PATOS - COOPERATIVA DE TRABALHO MADICO;PB;R$ 537.321,31;R$ 179.107,10;R$ 120.920,74
SANTA CASA DA MISERICARDIA DE SAO JOAO DEL REI;MG;R$ 530.465,13;R$ 176.821,71;R$ 87.596,51
HOSPITAL CESAR LEITE;MG;R$ 524.753,93;R$ 174.917,98;R$ 5.913,36
UNIMED DE CORUMBA COOPERATIVA DE TRABALHO MADICO;MS;R$ 522.419,95;R$ 174.139,98;R$ 90.581,93
BLUZZ SAADE S/A;ES;R$ 508.839,30;R$ 169.613,10;R$ 222.396,21
UNIMED FEDERAAAO DO ESTADO DO MATO GROSSO;MT;R$ 508.127,36;R$ 169.375,79;R$ 30.054,54
FUNDAAAO COMPESA DE PREVIDENCIA E ASSISTENCIA - COMPESAPREV;PE;R$ 490.028,02;R$ 163.342,67;R$ 141.774,61
PLURAL GESTAO EM PLANOS DE SAADE LTDA;RJ;R$ 478.569,42;R$ 159.523,14;R$ 147.858,55
UNIMED VALE DO PIQUIRI-COOPERATIVA DE TRABALHO MADICO VALE DO PIQUIRI;PR;R$ 475.920,53;R$ 158.640,18;R$ 169.995,78
ASSOCIACAO POLICIAL DE ASSISTENCIA A SAUDE DE PRESIDENTE PRUDENTE (APAS);SP;R$ 470.579,33;R$ 156.859,78;R$ 225.952,70
IRMANDADE DA SANTA CASA DE MISERICARDIA DE PASSOS;MG;R$ 457.880,54;R$ 152.626,85;R$ 235.880,70
VIDA TOP MAIS SAADE OPERADORA DE PLANOS DE SAADE LTDA.;SP;R$ 453.514,85;R$ 151.171,62;R$ 73.704,18
ADVANCE PLANOS DE SAADE LTDA;SP;R$ 441.472,18;R$ 147.157,39;R$ 76.829,32
GS PLANO GLOBAL DE SAADE LTDA;RJ;R$ 439.244,76;R$ 146.414,92;R$ 8.509,54
HOSPITAIS E CLANICAS DO PIAUA S/S LTDA;PI;R$ 437.199,57;R$ 145.733,19;R$ 244.720,05
UNIMED ALFENAS COOPERATIVA DE TRABALHO MEDICO;MG;R$ 431.920,94;R$ 143.973,65;R$ 41.252,80
FUNDACAO LEONOR DE BARROS CAMARGO;SP;R$ 384.593,78;R$ 128.197,93;R$ 194.246,00
PLANO SIGMA SAADE LTDA;SP;R$ 377.543,23;R$ 188.771,61;R$ 265.423,38
UNIMED ALTO PARANAIBA COOPERATIVA DE TRABALHO MEDICO;MG;R$ 375.158,92;R$ 125.052,97;R$ 12.455,22
VALE PLANOS DE SAADE LTDA;PE;R$ 374.817,71;R$ 124.939,24;R$ 174.871,57
SORRIDEN CONVANIOS ODONTOLAGICOS S.A.;SP;R$ 373.200,56;R$ 124.400,19;R$ 100.061,37
ASSOCIAAAO BENEFICENTE CATALICA;MG;R$ 371.825,23;R$ 123.941,74;R$ 30.952,95
CAIXA DE ASSISTANCIA DO SINDFISCO - CASSIND;SE;R$ 342.742,38;R$ 114.247,46;R$ 75.393,43
UNIMED CALDAS NOVAS - COOPERATIVA DE TRABALHO MEDICO;GO;R$ 329.658,00;R$ 109.886,00;R$ 57.732,85
PLANO VIDA SAUDE SERVIAOS ODONTOLOGICOS LTDA;SE;R$ 314.895,90;R$ 104.965,30;R$ 10.025,33
UNIODONTO UBERABA - COOPERATIVA DE ASSISTANCIA A SAADE ODONTOLAGICA LTDA;MG;R$ 308.414,19;R$ 102.804,73;R$ 123.077,52
ASSOCIAAAO POLICIAL DE ASSISTANCIA A SAADE DE PRESIDENTE VENCESLAU;SP;R$ 303.401,03;R$ 101.133,68;R$ 12.576,32
CEAM BRASIL - PLANOS DE SAADE LTDA;MG;R$ 301.235,70;R$ 301.235,70;R$ 0,00
UNIMED DE PENAPOLIS - COOPERATIVA DE TRABALHO MEDICO;SP;R$ 298.646,72;R$ 99.548,91;R$ 110.732,67
SANTA CASA DE MISERICARDIA DE TUPA;SP;R$ 286.849,43;R$ 95.616,48;R$ 1.871,78
PLAMESC PLANOS DE SAADE LTDA;RJ;R$ 281.511,49;R$ 93.837,16;R$ 135.774,30
YOU ASSISTANCIA MADICA LTDA.;MG;R$ 268.825,37;R$ 268.825,37;R$ 0,00
UNIMED REGIAO DA FRONTEIRA - RS COOPERATIVA DE ASSISTANCIA A SAADE LTDA.;RS;R$ 268.432,77;R$ 89.477,59;R$ 50.414,63
G & M ASSESSORIA MEDICA EMPRESARIAL LTDA;RJ;R$ 263.440,30;R$ 87.813,43;R$ 10.357,59
SMART CARE SISTEMAS MADICOS E ODONTOLAGICOS LTDA.;SP;R$ 261.767,66;R$ 130.883,83;R$ 169.025,82
UNIODONTO DE PINDAMONHANGABA COOP ODONTOLOGICA;SP;R$ 254.274,72;R$ 84.758,24;R$ 138.658,67
ASSOCIAAAO SAADE RURAL ALEGRETE;RS;R$ 243.110,48;R$ 81.036,83;R$ 69.509,09
AME-ASSISTANCIA MADICA A EMPRESAS LTDA;MG;R$ 240.073,15;R$ 80.024,38;R$ 31.812,14
NOSAMED ASSISTANCIA MADICA LTDA.;SP;R$ 236.937,59;R$ 78.979,20;R$ 58.075,73
UNIMED REGIONAL DE PICOS - COOPERATIVA DE TRABALHO MADICO;PI;R$ 219.985,28;R$ 73.328,43;R$ 26.591,93
DESBAN - FUNDAAAO BDMG DE SEGURIDADE SOCIAL;MG;R$ 212.213,51;R$ 70.737,84;R$ 55.860,15
UNIMED PATOS DE MINAS COOPERATIVA TRABALHO MADICO LTDA.;MG;R$ 210.642,61;R$ 70.214,20;R$ 37.159,40
ASSISTANCIA MADICA 12 DE OUTUBRO LTDA;SP;R$ 193.859,47;R$ 64.619,82;R$ 97.791,28
RODRIGUES LEIRA ODONTOLOGIA LTDA.;SP;R$ 193.448,15;R$ 64.482,72;R$ 83.547,31
ASSOCIAAAO SERVIAOS ODONTOLAGICOS DA INDASTRIA DE MINAS GERAIS - ODONTOINDUSTRIA;MG;R$ 186.678,75;R$ 62.226,25;R$ 23.689,80
ASSOCIAAAO POLICIAL DE ASSISTANCIA A SAADE;SP;R$ 183.055,10;R$ 61.018,37;R$ 52.378,97
NOVODENTE S/A;RS;R$ 177.380,72;R$ 177.380,72;R$ 0,00
ODONTO PRIME S/S LTDA;CE;R$ 168.015,65;R$ 56.005,22;R$ 24.284,78
SUL AMARICA ODONTOLAGICO S/A;SP;R$ 166.580,87;R$ 55.526,96;R$ 48.749,37
UNIMED DE DRACENA - COOPERATIVA DE TRABALHO MADICO;SP;R$ 166.169,01;R$ 55.389,67;R$ 66.519,21
UNIODONTO MARINGA COOPERATIVA ODONTOLOGICA;PR;R$ 154.282,78;R$ 51.427,59;R$ 4.955,30
ANAFE SAUDE;GO;R$ 138.783,89;R$ 46.261,30;R$ 75.071,41
UNIMED REGIAO DA PRODUAAO/RS - COOPERATIVA DE ASSISTANCIA A SAADE LTDA;RS;R$ 122.896,43;R$ 40.965,48;R$ 53.432,86
SANTA CASA DE MISERICARDIA E ASILO DOS POBRES DE BATATAIS;SP;R$ 117.254,03;R$ 39.084,68;R$ 12.236,95
MAIS SAUDE S/A;ES;R$ 117.105,48;R$ 58.552,74;R$ 24.732,19
COOPERATIVA ODONTOLAGICA POAOS DE CALDAS;MG;R$ 107.903,65;R$ 35.967,88;R$ 56.425,20
HOSPITAL S.P. LTDA.;RS;R$ 106.661,60;R$ 35.553,87;R$ 52.962,08
BEMSTAR ASSISTENCIA MEDICA LTDA;BA;R$ 105.507,96;R$ 35.169,32;R$ 9.221,65
EVO SAUDE ASSISTENCIA MEDICA LTDA;DF;R$ 104.026,66;R$ 34.675,55;R$ 48.625,73
UNIMED DE RIO CLARO SP COOPERATIVA DE TRABALHO MEDICO;SP;R$ 103.389,30;R$ 34.463,10;R$ 3.973,53
EXCELANCIA PLANO DE SAADE S/A;ES;R$ 99.567,08;R$ 33.189,03;R$ 28.942,43
CAIXA DE ASSISTANCIA A SAADE DO SINDICATO DOS FUNCIONARIOS INTEGRANTES DO GRUPO OCUPACIONAL ADMINISTRAAAO TRIBUTARIA DO ESTADO DE PERNAMBUCO;PE;R$ 95.709,39;R$ 31.903,13;R$ 23.641,14
SAUDIA ASSISTENCIA MADICA LTDA;MG;R$ 93.220,77;R$ 31.073,59;R$ 24.912,16
PROASA SAADE;DF;R$ 90.767,82;R$ 30.255,94;R$ 39.040,81
ALMA ODONTO OPERADORA DE PLANOS ODONTOLOGICOS LTDA;SP;R$ 86.759,03;R$ 28.919,68;R$ 16.441,13
INTERCLINICAS PLANO VIDA USA OPERADORA DE SAUDE LTDA;SP;R$ 84.730,40;R$ 28.243,47;R$ 42.601,52
ODONTOLIVE OPERADORA DE PLANOS ODONTOLAGICOS LTDA.;SP;R$ 80.770,19;R$ 26.923,40;R$ 2.704,81
LIVRI OPERADORA DE PLANO DE SAADE LTDA;SP;R$ 79.362,77;R$ 26.454,26;R$ 7.370,32
POLIMADICA SAADE SOCIEDADE SIMPLES LTDA;RS;R$ 78.286,16;R$ 26.095,39;R$ 520,91
UNIMED PARAIBA - FEDERAAAO DAS SOCIEDADES COOPERATIVAS DE TRABALHO MEDICO;PB;R$ 77.625,82;R$ 25.875,27;R$ 11.744,34
CLANICA SAO GABRIEL S/S LTDA;SP;R$ 74.533,62;R$ 24.844,54;R$ 37.784,79
IRMANDADE DE MISERICARDIA DO HOSPITAL DA SANTA CASA DE MONTE ALTO;SP;R$ 69.530,56;R$ 23.176,85;R$ 35.520,55
UNIMED VALE DO CORUMBA COOPERATIVA DE TRABALHO MEDICO;GO;R$ 61.930,60;R$ 20.643,53;R$ 17.763,51
COOPERATIVA DOS USUARIOS DE SERVIAOS DE SAADE DO VALE DO RIO DOS SINOS LTDA;RS;R$ 61.304,55;R$ 20.434,85;R$ 2.548,11
ASSOCIAAAO POLICIAL DE ASSISTANCIA A SAADE DE BARRETOS;SP;R$ 55.743,27;R$ 18.581,09;R$ 19.254,39
VITTA SAUDE ADMINISTRADORA DE BENEFICIOS LTDA.;SP;R$ 53.132,41;R$ 26.566,21;R$ 3.121,88
ASSOCIAAAO PADRE PIO PLANOS DE SAADE;SP;R$ 52.630,03;R$ 17.543,34;R$ 8.371,54
UNIODONTO DO SUL GOIANO COOPERATIVA ODONTOLOGICA;GO;R$ 51.789,07;R$ 17.263,02;R$ 1.425,05
ASSOCIAAAO DOS EMPREGADOS DA COMPANHIA ESTADUAL DE HABITAAAO E OBRAS PABLICAS - ASSEC;SE;R$ 51.444,43;R$ 17.148,14;R$ 8.811,54
UNIMED CARUARU-COOPERATIVA DE TRABALHO MEDICO;PE;R$ 45.756,82;R$ 15.252,27;R$ 8.518,80
COOPERATIVA ODONTOLAGICA DO ESTADO DO AMAPA;AP;R$ 35.436,50;R$ 11.812,17;R$ 3.200,38
PLANO ODONTOLAGICO DENTALVIDAS LTDA.;SP;R$ 33.655,21;R$ 11.218,40;R$ 210,79
CASA DE SAADE NOSSA SENHORA DE FATIMA  LTDA.;CE;R$ 25.188,85;R$ 8.396,28;R$ 179,51
COOPERATIVA DOS USUARIOS DE SERVIAOS DE SAADE LTDA.;RS;R$ 21.990,53;R$ 7.330,18;R$ 2.922,22
SAGRADA SAADE ASSISTANCIA MADICA LTDA;MG;R$ 21.341,87;R$ 7.113,96;R$ 3.635,07
UNIODONTO ESPIRITO SANTO COOPERATIVA ODONTOLOGICA;ES;R$ 18.310,50;R$ 6.103,50;R$ 1.943,78
FUNDO DE ASSISTANCIA A SAADE DOS FUNCIONARIOS DO BEC;CE;R$ 17.036,42;R$ 5.678,81;R$ 350,62
UNIODONTO DE LONDRINA COOP. ODONTOLAGICA;PR;R$ 9.358,40;R$ 3.119,47;R$ 775,79
ASSOCIAAAO UNIVIDA SANTA RITA DO PASSA QUATRO;SP;R$ 9.100,90;R$ 3.033,63;R$ 2.394,34
INFINITY SAADE SUPLEMENTAR LTDA;MT;R$ 7.125,65;R$ 2.375,22;R$ 2.679,91
ARL ADMINISTRADORA DE BENEFACIOS LTDA.;SP;R$ 5.680,00;R$ 2.840,00;R$ 0,00
SOCIODONTO PLANO DE ASSISTANCIA ODONTOLAGICA LTDA;MG;R$ 5.448,30;R$ 2.724,15;R$ 2.260,80
SAUDE SALV ASSISTENCIA MEDICA LTDA;RO;R$ 4.863,37;R$ 4.863,37;R$ 0,00
CENTRAL OPERADORA DE PLANOS DE SAADE NORTE-NORDESTE LTDA;PB;R$ 16,14;R$ 5,38;R$ 0,00
MAXIMED PLANOS DE SAUDE LTDA;RJ;R$ 1,00;R$ 1,00;R$ 0,00
