REGISTRO_ANS;RAZAO_SOCIAL;UF
418030;APS ADMINISTRADORA DE BENEFACOS LTDA;SP
314668;ABERTTA SAADE ASSOCIAAAO BENEFICENTE DOS EMPREGADOS DA ARCELORMITTAL NO BRASIL;MG
419621;ABPLUS ADMINISTRADORA DE BENEFACIOS LTDA;RJ
418901;AD SALUTE ADMINISTRADORA DE BENEFACIOS LTDA;RJ
424293;ADC ADMINISTRADORA DE BENEFICIOS LTDA;SP
421553;ADM LIFE ADMINISTRADORA DE BENEFACIOS LTDA;SP
416932;ADMSERV BENEFACIOS E SERVIAOS LTDA;SP
422347;ADRESS ADMINISTRADORA DE BENEFICIOS LTDA;RJ
335657;ADVANCE PLANOS DE SAADE LTDA;SP
413283;AESP ODONTO ASSISTANCIA ODONTOLAGICA SS LTDA EPP;SP
417424;AFFIX ADMINISTRADORA DE BENEFACIOS LTDA;SP
368920;AGROS INSTITUTO UFV DE SEGURIDADE SOCIAL;MG
424285;AIRES OPERADORA DE SAUDE LTDA;PE
417742;ALACORA CASF ASSOCIAAAO CLUBE DE BENEFICIOS PESSOAIS E EMPRESARIAIS;RJ
421928;ALICE OPERADORA LTDA;SP
417289;ALL CARE ADMINISTRADORA DE BENEFACIOS SAO PAULO LTDA;SP
417459;ALLCARE ADMINISTRADORA DE BENEFACIOS EM SAADE LTDA;DF
515;ALLIANZ SAADE SA;SP
423262;ALMA ODONTO OPERADORA DE PLANOS ODONTOLOGICOS LTDA;SP
419982;ALPHA DENTAL PLANO DE SAUDE LTDA ME;MT
420255;ALTER ADMINISTRADORA DE BENEFICIOS SA;SP
418773;ALUVES ADMINISTRADORA DE BENEFICIOS LTDA;RJ
344800;ALVORECER ASSOCIAAAO DE SOCORROS MATUOS;SP
424234;AMAZIL ASSISTENCIA MEDICA DO BRASIL LTDA;RJ
419052;AMAZANIA PLANOS DE SAADE LTDA;PA
423351;AME VVIDA PLANOS DE SAUDE INTEGRADO LTDA;RO
304531;AMEASSISTANCIA MADICA A EMPRESAS LTDA;MG
413330;AMEP FREGUESIA OPERADORA DE PLANO DE SAUDE LTDA;RJ
394734;AMEPLAN ASSISTANCIA MADICA PLANEJADA LTDA;SP
401081;AMESC ASSOCIAAAO MADICA ESPARITA CRISTA;RJ
418587;AMHA SAUDE SA;SP
421731;AMHE MED ASSISTENCIA A SAUDE LTDA EPP;SP
326305;AMIL ASSISTANCIA MADICA INTERNACIONAL SA;SP
325465;AMPARA ASSISTANCIA MADICA PARAASO LTDA;MG
422720;AMPLA PLANOS DE SAUDE LTDA;RJ
423858;AMPLITUDE PLANOS DE SAUDE LTDA;MG
424277;AMALIA OPERADORA DE PLANOS DE SAUDE SA;RJ
423319;ANAFE SAUDE;GO
421871;ANGELI SISTEMAS DE SAUDE SA;PR
424366;AP ADMINISTRAAAO DE BENEFICIOS SOCIEDADE SIMPLES UNIPESSOAL LIMITADA;SP
422932;APLUS ADMINISTRADORA DE BENEFICIOS LTDA;RJ
421693;AQQUER ADMINISTRADORA DE BENEFACIOS LTDA;MT
416070;ARCELORMITTAL BRASIL SA;MG
422941;ARL ADMINISTRADORA DE BENEFACIOS LTDA;SP
352152;ARM PLANOS ODONTOLAGICOS LTDA;SP
424340;ARTYODONTO BRASIL PLANO DE ASSISTANCIA ODONTOLAGICA LTDA;SE
417769;ASSISTE ADMINISTRADORA DE BENEFACIOS LTDA;BA
423912;ASSISTANCIA MADICA 12 DE OUTUBRO LTDA;SP
325236;ASSISTANCIA MADICA SAO MIGUEL LTDA;SP
365297;ASSISTANCIA ODONTOLAGICA ESPECIALIZADA LTDA;MA
423432;ASSOC DE ASSIST A SAADE DOS SERV DAS UNIV E INST FED EST EOU FAC PART EM PE;PE
409634;ASSOCIACAO CIVIL PRASAADE DOS SERVIDORES DA UNIVERSIDADE ESTADUAL DE PONTA GROSSA;PR
360783;ASSOCIACAO DE SAUDE HOLAMBRA;SP
317632;ASSOCIACAO DOS AUDITORES FISCAIS DA RECEITA ESTADUAL DE SAO PAULO;SP
343129;ASSOCIACAO DOS PROFESSORES UNIVERSITARIOS DA BAHIA;BA
420093;ASSOCIACAO DOS SERVIDORES DA EMDAGRO ASSEM;SE
406635;ASSOCIACAO POLICIAL DE ASSISTENCIA A SAUDE DE ITAPETININGA;SP
410608;ASSOCIACAO POLICIAL DE ASSISTENCIA A SAUDE DE PRESIDENTE PRUDENTE APAS;SP
417599;ASSOCIAAAO DOS FUNCIONARIOS PUBLICOS DO ESTADO DO RIO GRANDE DO SUL;RS
333867;ASSOCIAAAO UNISAUDE MARAU;RS
406554;ASSOCIAAAO ADVENTISTA NORTE BRASILEIRA DE PREVENAAO E ASSISTANCIA A SAADE;PA
411752;ASSOCIAAAO ASSISTENCIAL DE SAADE SUPLEMENTAR CRUZ AZUL SAADE;SP
322326;ASSOCIAAAO BENEFICENTE CATALICA;MG
304131;ASSOCIAAAO BENEFICENTE DE ASSISTANCIA A SAADE DOS JUAZES DO TRABALHO DA 15AA REGIAO ABAS 15;SP
382540;ASSOCIAAAO BENEFICENTE DOS PROFESSORES PABLICOS ATIVOS E INATIVOS DO RIO DE JANEIRO APPAI;RJ
417947;ASSOCIAAAO DA SANTA CASA SAADE DE RIBEIRAO PRETO;SP
417955;ASSOCIAAAO DE ASSISTANCIA MADICO HOSPITALAR DOS MAGISTRADOS DO ESTADO DO PARANA;PR
416690;ASSOCIAAAO DE ASSISTANCIA A SAADE DA AMAGIS;MG
416568;ASSOCIAAAO DE ASSISTANCIA A SAADE DOS EMPREGADOS DA COPASA;MG
314218;ASSOCIAAAO DE BENEFICANCIA E FILANTROPIA SAO CRISTOVAO;SP
422321;ASSOCIAAAO DE SAADE DO VALE;SC
418731;ASSOCIAAAO DE SAADE DOS FORNECEDORES DE CANA DE PIRACICABA E REGIAO;SP
417530;ASSOCIAAAO DE SAADE PORTUGUESA DE BENEFICANCIA;SP
393533;ASSOCIAAAO DO FISCO DE ALAGOAS;AL
420000;ASSOCIAAAO DO PLANO DE SAADE DA SANTA CASA DE MISERICARDIA DE ITABUNA PLANSUL;BA
387185;ASSOCIAAAO DOS AUDITORES FISCAIS DA RECEITA ESTADUAL DO RIO DE JANEIRO;RJ
330281;ASSOCIAAAO DOS AUDITORES FISCAIS DO ESTADO DA PARAABA AFRAFEP;PB
384704;ASSOCIAAAO DOS EMPREGADOS DA COMPANHIA ESTADUAL DE HABITAAAO E OBRAS PABLICAS ASSEC;SE
382639;ASSOCIAAAO DOS FISCAIS DE TRIBUTOS ESTADUAIS DO RS AFISVEC;RS
306754;ASSOCIAAAO DOS FUNCIONARIOS DO FISCO DO ESTADO DE GOIAS;GO
388092;ASSOCIAAAO DOS FUNCIONARIOS FISCAIS DO ESTADO DO AMAZONAS AFFEAM;AM
335754;ASSOCIAAAO DOS SERVIDORES FISCAIS DO ESTADO DA BAHIA;BA
309028;ASSOCIAAAO DOS SERVIDORES MUNICIPAIS ESTADUAIS E FEDERAIS DO RIO DE JANEIRO;RJ
419591;ASSOCIAAAO DOS SERVIDORES PABLICOS DA ADMINISTRAAAO DIRETA DO GOVERNO DO ESTADO DO PARA ASPARA;PA
342556;ASSOCIAAAO DR BARTHOLOMEU TACCHINI;RS
326755;ASSOCIAAAO EVANGELICA BENEFICENTE DE LONDRINA;PR
422053;ASSOCIAAAO FCA SAADE;MG
416584;ASSOCIAAAO FUNDO DE PROTEAAO A SAADE;PR
402206;ASSOCIAAAO GOIANA DO MINISTARIO PABLICO;GO
421618;ASSOCIAAAO HOSPITAL SAADE DE VARGEM GRANDE DO SUL;SP
423807;ASSOCIAAAO HOSPITALAR MOINHOS DE VENTO;RS
419150;ASSOCIAAAO MAIS SAADE SANTA CASA DE SAO JOAO DA BOA VISTA;SP
417211;ASSOCIAAAO MINEIRA DE ASSISTANCIA A SAADE DOS MEMBROS DO MINISTARIO PABLICO;MG
420158;ASSOCIAAAO PADRE ALBINO SAADE;SP
420816;ASSOCIAAAO PADRE PIO PLANOS DE SAADE;SP
418617;ASSOCIAAAO PARANAENSE DE ASSISTANCIA A SAUDE DOS MEMBROS DO MINISTERIO PUBLICO DO PARANA;PR
422631;ASSOCIAAAO PETROBRAS DE SAADE APS;RJ
419958;ASSOCIAAAO PLANO DE SAADE SANTA CASA DE VALINHOS;SP
408093;ASSOCIAAAO POLICIAL DE ASSISTENCIA A SAUDE DE BOTUCATU;SP
408263;ASSOCIAAAO POLICIAL DE ASSISTENCIA A SAUDE DE SAO JOAO DA BOA VISTA;SP
409413;ASSOCIAAAO POLICIAL DE ASSISTANCIA A SAADE;SP
410110;ASSOCIAAAO POLICIAL DE ASSISTANCIA A SAADE DA BAIXADA SANTISTA;SP
406813;ASSOCIAAAO POLICIAL DE ASSISTANCIA A SAADE;SP
406937;ASSOCIAAAO POLICIAL DE ASSISTANCIA A SAADE;SP
410128;ASSOCIAAAO POLICIAL DE ASSISTANCIA A SAADE;SP
409405;ASSOCIAAAO POLICIAL DE ASSISTANCIA A SAADE VALE DO RIBEIRA;SP
423203;ASSOCIAAAO POLICIAL DE ASSISTANCIA A SAADE APAS;SP
414212;ASSOCIAAAO POLICIAL DE ASSISTANCIA A SAADE DE ARAAATUBA APAS;SP
407569;ASSOCIAAAO POLICIAL DE ASSISTANCIA A SAADE DE BARRETOS;SP
406945;ASSOCIAAAO POLICIAL DE ASSISTANCIA A SAADE DE BAURU;SP
408026;ASSOCIAAAO POLICIAL DE ASSISTANCIA A SAADE DE DRACENA;SP
408034;ASSOCIAAAO POLICIAL DE ASSISTANCIA A SAADE DE JAA;SP
411248;ASSOCIAAAO POLICIAL DE ASSISTANCIA A SAADE DE PRESIDENTE VENCESLAU;SP
408794;ASSOCIAAAO POLICIAL DE ASSISTANCIA A SAADE DE RIBEIRAO PRETO APAS;SP
420786;ASSOCIAAAO SANTA CASA CLANICAS DE BIRIGUI;SP
418803;ASSOCIAAAO SANTA CASA SAADE DE ARAAATUBA;SP
419249;ASSOCIAAAO SANTA CASA SAADE DE SAO JOSA DOS CAMPOS;SP
418021;ASSOCIAAAO SANTA SAADE;SP
330892;ASSOCIAAAO SAADE CONCEIAAO;SC
418218;ASSOCIAAAO SAADE RURAL ALEGRETE;RS
418919;ASSOCIAAAO SAADE SAO JOSA;SC
417220;ASSOCIAAAO SERVIAOS ODONTOLAGICOS DA INDASTRIA DE MINAS GERAIS ODONTOINDUSTRIA;MG
419141;ASSOCIAAAO SAO FRANCISCO VIDA;SP
421006;ASSOCIAAAO SAO LUIZ SAADE;SP
420123;ASSOCIAAAO UNIVIDA SANTA RITA DO PASSA QUATRO;SP
412635;ASSOCIAAAO VALEPARAIBANA DE ASSISTANCIA MADICA POLICIAL;SP
420794;ASSOREL BRASIL ADMINISTRADORA DE BENEFICIOS LTDA EPP;MT
336874;ATEMDE ODONTO SAADE CLUBE DE BENEFACIOS;BA
424528;ATIMED ASSISTENCIA MEDICA LTDA;SP
422151;ATITUDE SAADE ASSISTANCIA MEDICA LTDA;BA
424714;ATIVUS LIFE ADMINISTRADORA DE BENEFICIOS LTDA;RJ
320510;ATAVIA SERVIAOS DE SAADE SA;SP
423629;AURORA SAADE LTDA;MG
327417;AUSTACLINICAS ASSISTANCIA MADICA E HOSPITALAR LTDA;SP
423734;AVANT ADMINISTRADORA DE BENEFICIOS LTDA;RJ
424005;AVANTI ADMINISTRADORA DE BENEFACIOS EM SAADE LTDA EPP;RJ
418013;BACCS ADMINISTRADORA DE BENEFACIOS LTDA;PI
422991;BAUEN LIFE LTDA;SP
419257;BCI ADMINISTRADORA DE BENEFACIOS LTDA;SP
419125;BEDOIS SERVIAOS DE ADMINISTRAAAO DE BENEFACIOS LTDA;RJ
421332;BEM ADMINISTRADORAS LTDA;RJ
420697;BEM ESTAR ADMINISTRADORA DE BENEFACIOS LTDA;SC
417874;BEM MAIS ODONTO OPERADORA ODONTOLAGICA LTDA;SP
423181;BEMSTAR ASSISTENCIA MEDICA LTDA;BA
318299;BENEFICENCIA CAMILIANA DO SUL;SP
421189;BENEFICENCIA SOCIAL BOM SAMARITANO;MG
419869;BENEFIT ADMINISTRADORA DE BENEFACIOS LTDA;SP
423891;BENEFIT BENEFICIOS LTDA;RJ
423467;BENET ADMINISTRAAAO DE BENEFACIOS LTDA;RS
421324;BENEVITAE ADMINISTRADORA DE BENEFACIOS LTDA;RO
417718;BENEVIX ADMINISTRADORA DE BENEFACIOS LTDA;ES
366561;BENSAUDE PLANO DE ASSISTENCIA MEDICA HOSPITALAR LTDA;SP
420042;BEST LIFE ASSESSORIA NA GESTAO E ADMINISTRADORA DE BENEFACIOS LTDA;SP
421766;BEST SENIOR OPERADORA DE SAADE LTDA;ES
402966;BIO SAADE SERVIAOS MADICOS LTDA;SP
419079;BIORAL SISTEMA ODONTOLAGICO LTDA;SP
415111;BIOVIDA SAADE LTDA;SP
422401;BIT LIFE BENEFACIOS LTDA;SP
424552;BKR SAADE ADMINISTRADORA DE BENEFACIOS LTDA;ES
424170;BLUZZ SAADE SA;ES
424218;BOA SAUDE ADMNISTRADORA DE BENEFICIOS DE SAUDE LTDA;SP
424706;BONNA SAUDE LTDA;SP
421715;BRADESCO SAADE OPERADORA DE PLANOS SA;SP
5711;BRADESCO SAADE SA;RJ
421561;BRASIL ODONTO OPERADORA DE PLANOS ODONTOLAGICOS LTDA;TO
419419;BRASILDENTAL OPERADORA DE PLANOS ODONTOLAGICOS SA;SP
419613;BRAZIL DENTAL OPERADORA DE PLANOS ODONTOLAGICOS LTDA;SP
417238;BRF SA;SC
424536;BRS ADMINISTRADORA DE SAUDE LTDA;MT
423530;BWG ADMINISTRADORA DE BENEFICIOS LTDA;SP
415774;CABERJ INTEGRAL SAADE SA;RJ
424021;CACSS ADMINISTRADORA DE BENEFICIOS LTDA;RJ
327557;CAIXA ASSISTENCIAL E BENEFICENTE DOS FUNCIONARIOS DA ACARESC;SC
347825;CAIXA ASSISTENCIAL UNIVERSITARIA DO RIO DE JANEIRO;RJ
314251;CAIXA ASSISTENCIAL UNIVERSITARIA DO RIO GRANDE DO NORTE;RN
352331;CAIXA BENEFICENTE DOS FUNCIONARIOS DO BANCO DO ESTADO DE SAO PAULO;SP
414026;CAIXA BENEFICENTE DOS FUNCIONARIOS DO GRUPO IGUAAU;PR
316873;CAIXA DE ASSISTENCIA A SAUDE DA UNIVERSIDADE;MG
413534;CAIXA DE ASSISTENCIA DOS SERVIDORES DO ESTADO DE MATO GROSSO DO SUL;MS
418820;CAIXA DE ASSISTANCIA AOS MEMBROS DA DEFENSORIA PABLICA DO ESTADO DO RIO DE JANEIRO;RJ
413518;CAIXA DE ASSISTANCIA DO SINDFISCO CASSIND;SE
416401;CAIXA DE ASSISTANCIA DOS EMPREGADOS DA EMPRESA BRASILEIRA DE PESQUISA AGROPECUARIA;DF
363855;CAIXA DE ASSISTANCIA DOS EMPREGADOS DA SANEAGO;GO
307319;CAIXA DE ASSISTANCIA DOS EMPREGADOS DO BANCO DO ESTADO DO RIO GRANDE DO SUL;RS
315583;CAIXA DE ASSISTANCIA DOS EMPREGADOS DO BANEB;BA
335789;CAIXA DE ASSISTANCIA DOS EMPREGADOS DO BANESE;SE
344184;CAIXA DE ASSISTANCIA DOS EMPREGADOS DO SETOR PABLICO DO ESTADO DE GOIAS CAEME;GO
343331;CAIXA DE ASSISTANCIA DOS EMPREGADOS DO SISTEMA FINANCEIRO BANESTES;ES
358754;CAIXA DE ASSISTANCIA DOS FUNCIONARIOS DO BANCO DA AMAZANIA CASF;PA
346659;CAIXA DE ASSISTANCIA DOS FUNCIONARIOS DO BANCO DO BRASIL;DF
385697;CAIXA DE ASSISTANCIA DOS FUNCIONARIOS DO BANCO DO NORDESTE DO BRASIL;CE
302627;CAIXA DE ASSISTANCIA DOS MAGISTRADOS DE PERNAMBUCO;PE
359122;CAIXA DE ASSISTANCIA DOS SERVIDORES FAZENDARIOS ESTADUAIS;CE
417548;CAIXA DE ASSISTANCIA OSWALDO CRUZ;RJ
320820;CAIXA DE ASSISTANCIA SISTEMA SAADE INTEGRALSSI SAUDE;RS
412295;CAIXA DE ASSISTANCIA A SAUDE DOS EMPREGADOS DA CODEVASF CASEC;DF
324361;CAIXA DE ASSISTANCIA A SAADE CABERJ;RJ
417661;CAIXA DE ASSISTANCIA A SAADE DO SINDICATO DOS FUNCIONARIOS INTEGRANTES DO GRUPO OCUPACIONAL ADMINISTRAAAO TRIBUTARIA DO ESTADO DE PERNAMBUCO;PE
421341;CAIXA DE ASSISTANCIA A SAADE DOS SERVIDORES PABLICOS DO ESTADO DO MATO GROSSO DO SUL;MS
419851;CAIXA DE ASSISTANCIA A SAADE DOS TRABALHADORES NAS INDASTRIAS METALARGICAS MECANICAS E DO MATERIAL ELATRICO DE BRUSQUE;SC
324477;CAIXA DE PREVIDANCIA E ASSISTANCIA DOS SERVIDORES DA FUNDAAAO NACIONAL DE SAADE CAPESESP;RJ
312924;CAIXA ECONAMICA FEDERAL;DF
418072;CAIXA SEGURADORA ESPECIALIZADA EM SAADE SA;SP
319872;CAMIM OPERADORA DE PLANO DE SAADE LTDA;RJ
417785;CAMPEA ADMINISTRADORA DE BENEFACIOS LTDA;PR
419265;CAPITAL ADMINISTRADORA DE BENEFACIOS LTDA;DF
379956;CARE PLUS MEDICINA ASSISTENCIAL LTDA;SP
389358;CARE PLUS ODONTOLOGIA ASSISTENCIAL LTDA;SP
422304;CARING SAADE ASSISTANCIA MADICA LTDA;RJ
327328;CASA DE SAADE NOSSA SENHORA DE FATIMA LTDA;CE
417165;CASE CENTRAL DE ADMINISTRAAAO DE PLANO DE SAADE LTDA;RJ
423637;CASUFES SAADE ADMINISTRADORA DE BENEFACIOS;ES
415952;CDA ASSISTANCIA ODONTOLAGICA LTDA EPP;SP
311472;CEAM BRASIL PLANOS DE SAADE LTDA;MG
418749;CEDPLAN SAADE LTDA EPP;MG
339270;CELULOSE NIPOBRASILEIRA SA CENIBRA;MG
417505;CEMIG SAADE;MG
422436;CENIBRA LOGASTICA LTDA;MG
417092;CENTRAL OPERADORA DE PLANOS DE SAADE NORTENORDESTE LTDA;PB
386596;CENTRAL REGIONAL DAS COOPERATIVAS MADICAS UNIMED CERRADO;GO
392804;CENTRO CLANICO GAACHO LTDA;CE
415910;CENTRO DE ENDOCRINOLOGIA DE JUNDIAA SS LTDA;SP
350699;CENTRO HOSPITALAR ATIBAIA LTDA;SP
314757;CENTRO ODONTOLOGICO INTEGRADO LTDA;DF
303623;CENTRO TRASMONTANO DE SAO PAULO;SP
401871;CEORP CENTRO ODONTOLOGICO LTDA;SP
324892;CETESB COMPANHIA AMBIENTAL DO ESTADO DE SAO PAULO;SP
310247;CIRCULO OPERARIO CAXIENSE;RS
423963;CLARO SA;SP
419435;CLASSE ADMINISTRADORA DE BENEFACIOS LTDA ME;DF
423327;CLICSAUDE ADMINISTRADORA DE BENEFICIOS LTDA;SP
410071;CLINICA ODONTOLOGICA ODONTOPLAN LTDA;RS
340782;CLINIPAM CLINICA PARANAENSE DE ASSISTENCIA MEDICA LTDA;CE
417891;CLUBE DE BENEFICIOS PARA COOP ASS CONS SIND E SEGUROS CBCACSS;RJ
422461;CLUBE SILVER ADMINISTRADORA DE PLANOS DE SAUDE LTDA;RJ
415944;CLANICA SAO GABRIEL SS LTDA;SP
419796;COMPANHIA DAS DOCAS DO ESTADO DA BAHIA CODEBA;BA
330051;COMPANHIA DE ENGENHARIA DE TRAFEGO CET;SP
416509;COMPANHIA DOCAS DO ESPIRITO SANTO CODESA;ES
392405;COMPANHIA ESPIRITO SANTENSE DE SANEAMENTO;ES
334189;COMPANHIA NACIONAL DE ABASTECIMENTO CONAB;DF
420247;COMPAR ADMINISTRADORA DE BENEFICIOS LTDA ME;PR
390259;COMSEDER COOPERATIVA DE ASSISTANCIA MADICA DOS SERVIDORES DA SUPLAN E DO DER LTDA;PB
424579;CONECTA ADMINISTRADORA DE BENEFICIOS LTDA;PB
423220;CONECTAPLAN ADMINISTRADORA DE BENEFACIOS LTDA;SP
321931;CONFERANCIA SAO JOSA DO AVAA;RJ
410624;CONFIANAA ASSISTANCIA MADICO HOSPITALAR LTDA;MG
405931;CONSTRUDENTE ASSISTENCIA ODONTOLOGICA LTDA;SP
418323;CONTEM ADMINISTRADORA DE PLANOS DE SAADE LTDA;RJ
407241;COOPODONTOCLASSIC COOPERATIVA DE TRABALHO ODONTOLAGICO;SP
367087;COOPERATIVA CENTRAL UNIMED DE COOPERATIVAS DE ASSISTANCIA A SAADE DO RIO GRANDE DO SUL LTDA;RS
353477;COOPERATIVA DE ASSISTANCIA ODONTOLAGICA VALE DO CAA LTDA DENTSUL;RS
418242;COOPERATIVA DE SAADE ODONTOLAGICA UNIODONTO RORAIMA;RR
313084;COOPERATIVA DE TRABALHO MEDICO DE ARAGUAANA UNIMED ARAGUAANA;TO
318213;COOPERATIVA DE TRABALHO MEDICO REGIAO DO PLANALTO SERRANO;SC
337188;COOPERATIVA DE TRABALHO MADICO DE POUSO ALEGRE;MG
317012;COOPERATIVA DE TRABALHO MADICO DO PLANALTO NORTE DE SANTA CATARINA LTDA;SC
419028;COOPERATIVA DE TRABALHO ODONTOLOGICO UNIODONTO ITAJUBA;MG
359459;COOPERATIVA DOS CIRURGIAES DENTISTAS DO ESTADO DE SERGIPE;SE
404241;COOPERATIVA DOS USUARIOS DE SERVIAOS DE SAADE DO VALE DO RIO DOS SINOS LTDA;RS
406805;COOPERATIVA DOS USUARIOS DE SERVIAOS DE SAADE LTDA;RS
400572;COOPERATIVA EVIDENTE COOPERATIVA DE TRABALHO ODONTOLAGICA DE BOTUCATU;SP
342335;COOPERATIVA ODONTOLAGICA DE GARANHUNS E AGRESTE MERIDIONAL;PE
365785;COOPERATIVA ODONTOLAGICA DO ESTADO DO AMAPA;AP
409791;COOPERATIVA ODONTOLAGICA POAOS DE CALDAS;MG
402010;COOPERATIVA ODONTOLAGICA REGIAO SUL DA BAHIA UNIODONTO;BA
353892;COOPERCISO CENTRO INTEGRADO DE SERVIAO ODONTOLAGICO SS LTDA;MG
418757;CORPLIFE ADMINISTRADORA DE BENEFACIOS LTDA;PR
418960;CORPORE ADMINISTRADORA DE BENEFICIOS DA SAUDE LTDA;SP
368181;CROE CENTRO DE REABILITACAO ORAL ESPECIALIZADO LTDA;MG
397245;CROWN ODONTOLOGIA DE GRUPO LTDA;SP
421952;CRZ PLANO ODONTOLAGICO LTDA;SC
422045;CTESK ADMINISTRADORA DE BENEFIACIOS LTDA;DF
424242;CUIDE SAADE ADMINISTRADORA DE BENEFACIOS LTDA;PA
416118;DANA INDUSTRIAS LTDA;SP
421081;DELFHI PLANOS ODONTOLAGICOS LTDA;RN
420239;DENTAL CARE ASSISTANCIA ODONTOLAGICA LTDA;AL
386219;DENTAL CARE CLINICA ODONTOLOGICA LTDA;SP
339458;DENTAL CENTER LTDA;PB
300730;DENTAL GOLD ASSISTANCIA ODONTOLAGICA LTDA;PB
424676;DENTAL KLIN ASSISTENCIA ODONTOLOGICA LTDA;SP
413747;DENTAL MASTER LTDA EPP;AL
314366;DENTAL PLUS CONVANIO ODONTOLAGICO LTDA;SP
424447;DENTAL SAUDE SUPREME PLANOS ODONTOLOGICOS LTDA;AM
304484;DENTAL UNI COOPERATIVA ODONTOLAGICA;PR
423050;DENTAL WHITE PLANO DE ASSISTANCIA ODONTOLAGICA LTDA;AL
333620;DENTALMED ASSISTENCIA ODONTOLOGICA SS LTDA;PR
401463;DENTALMASTER COMARCIO DE PLANOS ODONTOLAGICOS LTDA;CE
422975;DENTALMASTER LTDA;MG
322890;DENTALPAR ASSISTANCIA ODONTOLAGICA EMPRESARIAL LTDA;SP
416908;DENTALPLAN PLANOS DE ASSISTENCIA ODONTOLOGICA LTDA;PE
327867;DENTIAAO CONVANIOS ODONTOLAGICOS LTDA;SC
414425;DENTSY ODONTOLOGIA SS LTDA;SP
357669;DESBAN FUNDAAAO BDMG DE SEGURIDADE SOCIAL;MG
423271;DIXMED ADMINISTRADORA DE BENEFICIOS LTDA;RJ
349682;DOCTOR CLIN OPERADORA DE PLANOS DE SAADE LTDA;RS
365645;DONA SAADE CLINICAS LTDA;SP
423653;DR DIA PLANOS ODONTOLOGICOS E SAUDE LTDA;PR
416282;EXM BRASIL SAADE LTDA;BA
418927;EASY SAUDE ADMINISTRADORA DE BENEFICIOS LTDA;RJ
421120;EASYPLAN ADMINISTRADORA DE BENEFICIOS LTDA;DF
342611;ECONOMUS INSTITUTO DE SEGURIDADE SOCIAL;SP
417343;ECS ADMINISTRADORA DE BENEFICIOS LTDA;RJ
423521;EGRAGORA ADMINISTRADORA DE BENEFICIOS SA;ES
422070;ELETROS SAADE ASSOCIAAAO DE ASSISTANCIA A SAADE;RJ
424544;ELITE SAUDE SERVICOS MEDICOS LTDA;SP
417297;ELOSAADE ASSOCIAAAO DE ASSISTANCIA A SAADE;SC
400891;EMPRESA BRASILEIRA DE INFRAESTRUTURA AEROPORTUARIA;DF
395480;ESMALE ASSISTENCIA INTERNACIONAL DE SAUDE LTDA;AL
424625;ESPERANAA OPERADORA DE PLANOS DE SAADE LTDA;RJ
422576;ESPLENDOR ADMINISTRADORA DE BENEFACIOS LTDA;DF
417441;EV ADMINISTRADORA DE BENEFACIOS LTDA;AP
401480;EVANGELICO SAUDE LTDA;PR
423700;EVO SAUDE ASSISTENCIA MEDICA LTDA;DF
423785;EVOLUAAO ADMINISTRADORA DE BENEFICIOS LTDA;MG
421642;EXCELANCIA PLANO DE SAADE SA;ES
424471;EXCLUSIVO ODONTO ASSISTENCIA ODONTOLOGICA LTDA;SP
414204;EXTRAMED ADMINISTRAAAO E SERVIAOS MADICOS LTDA;PR
423777;FEBRAFITE SAUDE;DF
423581;FEDERAL ADMINISTRADORA DE BENEFICIOS LTDA;DF
415626;FEDERAAAO DAS COOP ODONTOLAGICAS DO ESTADO DE SANTA CATARINA;SC
313971;FEDERAAAO DAS SOCIEDADES COOPERATIVAS DE TRABALHO MADICO DO ACRE AMAPA AMAZONAS PARA RONDONIA E RORAIMA;AM
410888;FILOSANITAS SAUDE LTDA;SP
421847;FOCO ADMINISTRADORA DE BENEFICIOS LTDA;RJ
423921;FOX SAADE ASSISTANCIA MADICA INTEGRADA LTDA;PE
419818;FR PLANO ODONTOLAGICO LTDA;SP
370592;FUNASA SAADE;PB
329665;FUNDACAO CAPITAL PREVIDENCIA E SAUDE CAPITAL PREV;ES
410292;FUNDACAO LEONOR DE BARROS CAMARGO;SP
307751;FUNDAAAO COMPESA DE PREVIDENCIA E ASSISTENCIA COMPESAPREV;PE
315567;FUNDAAAO AFFEMG DE ASSISTANCIA E SAADE FUNDAFFEMG;MG
346926;FUNDAAAO ASSISTENCIAL DOS SERVIDORES DO MINISTARIO DA FAZENDA;DF
315044;FUNDAAAO CELESC DE SEGURIDADE SOCIAL CELOS;SC
315478;FUNDAAAO CESP;SP
317233;FUNDAAAO CHESF DE ASSISTANCIA E SEGURIDADE SOCIAL;PE
355151;FUNDAAAO COPEL DE PREVIDANCIA E ASSISTANCIA SOCIAL;PR
339636;FUNDAAAO DE ASSISTANCIA E PREVIDANCIA SOCIAL DO BNDES;RJ
420701;FUNDAAAO DE ASSISTANCIA A SAADE DA ASSOCIAAAO DO MINISTARIO PABLICO DO RIO GRANDE DO SUL;RS
311359;FUNDAAAO DE SAADE ITAIGUAPY;PR
330809;FUNDAAAO DE SEGURIDADE SOCIAL DA ARCELORMITTAL BRASIL FUNSSEST;ES
418285;FUNDAAAO FIAT SAADE E BEM ESTAR;MG
323942;FUNDAAAO FILANTRAPICA E BENEFICENTE DE SAADE ARNALDO GAVAZZA FILHO;MG
378216;FUNDAAAO LIBERTAS DE SEGURIDADE SOCIAL;MG
418501;FUNDAAAO PLAMHUV PLANO MADICO HOSPITALAR DOS HOSPITAIS UNIDOS DE VIAOSA;MG
338648;FUNDAAAO SANEPAR DE ASSISTANCIA SOCIAL;PR
312126;FUNDAAAO SAADE ITAA;MG
339954;FUNDAAAO SAO FRANCISCO XAVIER;MG
418129;FUNDO DE ASSISTANCIA MADICOHOSPITALAR DO MINISTARIO PABLICO;MS
414689;FUNDO DE ASSISTANCIA A SAADE DOS FUNCIONARIOS DO BEC;CE
409286;G M ASSESSORIA MEDICA EMPRESARIAL LTDA;RJ
419443;G2C ADMINISTRADORA DE BENEFICIOS LTDA ME;RJ
407011;GAMA SAUDE LTDA;SP
343064;GARANTIA DE SAADE LTDA;SP
419931;GEAC GERENCIAMENTO EMPRESARIAL LTDA;SP
323080;GEAP AUTOGESTAO EM SAADE;DF
424226;GESTAO VIDA ADMINISTRADORA DE BENEFICIOS LTDA;SP
423076;GESTAO ADMINISTRADORA DE PLANOS DE SAUDE LTDA;RJ
416819;GKN DO BRASIL LTDA;RS
422258;GLOBALAL ADMINISTRADORA DE BENEFACIOS LTDA;AL
422681;GOCARE PLANOS DE SAUDE LTDA;SP
423726;GOLD PLAN EMPREENDIMENTOS LTDA;MG
424587;GRINGO PLANOS ODONTOLOGICOS LTDA;MG
309222;GRUPO HOSPITALAR DO RIO DE JANEIRO LTDA;RJ
413160;GS PLANO GLOBAL DE SAADE LTDA;RJ
350249;HB SAADE SA;SP
423122;H2U ADMINISTRADORA DE BENEFICIOS LTDA;SP
368253;HAPVIDA ASSISTENCIA MEDICA SA;CE
414352;HBC SAADE LTDA;SP
417611;HEALTH ADMINISTRADORA DE BENEFICIOS LTDA;SP
421723;HEALTHMED SISTEMA DE SAUDE LTDA;RJ
424749;HEALTHY LIFE ADMINISTRADORA DE BENEFICIOS LTDA;SP
419303;HEBROM ADMINISTRADORA DE BENEFICIOS LTDA ME;SP
423670;HES PLANO DE SAUDE LTDA;RO
424137;HOME ADMINISTRADORA DE BENEFACIOS LTDA;PR
416398;HOSPITAIS E CLANICAS DO PIAUA SS LTDA;PI
314706;HOSPITAL CESAR LEITE;MG
420930;HOSPITAL DE CARIDADE SAO VICENTE DE PAULO;PR
424391;HOSPITAL DE CLANICAS DE PASSO FUNDO;RS
341941;HOSPITAL DE PRONTOCLINICA LTDA;RS
421626;HOSPITAL MATER DEI SA;MG
424129;HOSPITAL MATERNIDADE SAO VICENTE DE PAULO;CE
363189;HOSPITAL SP LTDA;RS
342955;HSMED SAUDE LTDA;RJ
423343;HUB HEALTH ADMINISTRADORA DE BENEFICIOS LTDA;PE
348180;HUMANA SAADE LTDA;PR
357511;HUMANA SAADE NORDESTE LTDA;PI
417050;IBBCA 2008 GESTAO EM SAADE LTDA;RJ
423840;IDEAL ADMINISTRADORA DE BENEFICIOS LTDA;PR
414921;IDEAL ODONTO ASSISTANCIA ODONTOLAGICA LTDA;SP
420751;IDEAL SAADE ASSISTANCIA MADICA AMBULATORIAL LTDA;DF
414557;IDENTAL ASSISTANCIA ODONTOLAGICA LTDA ME;BA
421812;IMPETU ADMINISTRADORA DE BENEFICIOS LTDA;PR
418277;INDEPENDENCIA ADMINISTRADORA DE BENEFICIOS LTDA;SP
329282;INDUSTRIAS NUCLEARES DO BRASIL SA INB;RJ
423564;INFINITY SAADE SUPLEMENTAR LTDA;MT
423572;INNOVA PLANO DE SAUDE LTDA;RO
420301;INOVA ADMINISTRADORA DE BENEFACIOS LTDA ME;SC
419427;INSTITUIAAO BENEFICENTE CEL MASSOT IBCM;RS
419010;INSTITUTO CURITIBA DE SAADE;PR
414981;INSTITUTO DE ODONTOLOGIA DO MARANHAO LTDA;MA
415260;INSTITUTO DE SAADE ODONTOLAGICA ISODONT LTDA;RJ
424439;INTEGRA ADMINISTRADORA DE BENEFICIOS LTDA;GO
423173;INTEGRA ASSISTENCIA MEDICA SA;SP
418340;INTEGRAL CONVANIO ODONTOLAGICO LTDA;SP
359394;INTEGRAL SERVIAOS ODONTOLAGICOS LTDA;SP
423939;INTEGRALCARE PLANOS DE SAUDE LTDA;BA
417998;INTERBRASIL ADMINISTRADORA DE BENEFICIOS DE SAUDE LTDA;SP
420841;INTERCLINICAS PLANO VIDA USA OPERADORA DE SAUDE LTDA;SP
312282;INTERMEDICI PIRACICABA ASSISTENCIA MEDICA LTDA;SP
421375;INTERVIDA ADMINISTRADORA DE BENEFACIOS LTDA;SP
423424;IPRESB INSTITUTO DE PREVENAAO EM SAADE BUCAL LTDA;SP
319422;IRMANDADE DA SANTA CASA DE MISERICORDIA DE LIMEIRA;SP
333875;IRMANDADE DA SANTA CASA DE MISERICARDIA DE PASSOS;MG
354562;IRMANDADE DA SANTA CASA DE MISERICARDIA DE PIRACICABA;SP
347655;IRMANDADE DA SANTA CASA DE MISERICARDIA DE RIO CLARO;SP
321320;IRMANDADE DA SANTA CASA DE MISERICARDIA E MATERNIDADE DONA ZILDA SALVAGNI;SP
329355;IRMANDADE DE MISERICORDIA DE PORTO FERREIRA;SP
333808;IRMANDADE DE MISERICARDIA DO HOSPITAL DA SANTA CASA DE MONTE ALTO;SP
336831;IRMANDADE SANTA CASA DE MISERICARDIA DE MARINGA;PR
366234;ITAIPU BINACIONAL;PR
884;ITAUSEG SAADE SA;SP
423211;JL ADMINISTRADORA DE BENEFICIOS E SOL EM SAUDE LTDA;BA
422029;KLINI PLANOS DE SAADE LTDA;RJ
424323;LAGO SAUDE ADMINISTRADORA DE BENEFICIOS LTDA;RJ
419095;LANCERS ADMINISTRADORA DE BENEFACIOS DE SAADE LTDA;SP
424358;LD RODRIGUES LTDA;RO
364592;LEADER ASSISTANCIA MADICA E HOSPITALAR LTDA;SP
422339;LEVE SAUDE OPERADORA DE PLANOS DE SAUDE SA;RJ
418706;LEXUS ADMINISTRADORA DE BENEFICIOS LTDA;SP
418595;LIFE CLASS ADMINISTRADORA DE BENEFICIOS LTDA;SP
414492;LIFE EMPRESARIAL SAADE LTDA;SP
424731;LIFE PLANS ADMINISTRADORA DE BENEFICIOS LTDA;SP
423688;LIFEMED ADMINISTRADORA DE BENEFICIOS LTDA;AM
418536;LIKE DENTAL PLANOS ODONTOLAGICOS SS LTDA;PR
379280;LIV LINHAS INTELIGENTES DE ATENAAO A VIDA SA;SP
421685;LIVEN PRESTADORA DE SERVIAOS LTDA;RJ
422479;LIVRI OPERADORA DE PLANO DE SAADE LTDA;SP
418374;LUMINAR SAADE ASSOCIAAAO DE ASSISTANCIA A SAADE;DF
412490;LADER COMARCIO E INDASTRIA LTDA;PA
416835;MACIEL MACIEL ASSISTANCIA ODONTOLAGICA LTDA;SP
349291;MAIS DENTAL PLANOS ODONTOLOGICOS LTDA;RJ
419516;MAIS SAUDE SA;ES
415065;MAIS SAADE PLANO DE SAADE LTDA;GO
418048;MAIS VOCE ADMINISTRADORA DE BENEFICIOS LTDA;SP
417564;MAPMA ADMINISTRADORA DE BENEFACIOS LTDA;RJ
420964;MASTER HEALTH ADMINISTRADORA DE BENEFACIOS LTDA;RJ
329967;MATTOS ODONTOLOGIA LTDA;SP
416495;MATAO CLINICAS AMHMA SAADE LTDA;SP
424196;MAXIMED PLANOS DE SAUDE LTDA;RJ
417696;MAXMED ADMINISTRADORA DE BENEFICIOS LTDA;SP
424064;MB PLANOS DE SAADE LTDA;BA
423611;MED CARE ADMINISTRADORA DE BENEFICIOS LTDA;RJ
419559;MED CORP SAADE CORPORATIVA LTDA EPP;RJ
328537;MEDTOUR ADMINISTRADORA DE BENEFACIOS E EMPREENDIMENTOS LTDA;SP
422797;MEDCORP ADMINISTRADORA DE BENEFICIOS LTDA;RJ
419753;MEDGOLD ASSISTENCIA MEDICA LTDA ME;MG
421367;MEDHEALTH PLANOS DE SAADE LTDA;PR
420859;MEDIATORIE ADMINISTRADORA DE BENEFACIOS SA;ES
411868;MEDIC GLOBAL PLANOS DE SAADE LTDA;MG
424331;MEDICAL LIFE PLANOS DE SAADE LTDA;BA
333689;MEDISERVICE OPERADORA DE PLANOS DE SAADE SA;SP
424099;MEDSAUDE ADMINISTRADORA DE PLANOS DE SAUDE LTDA;RJ
421391;MEGA ADMINISTRADORA DE BENEFACIOS LTDA;SP
424307;MERIDIAN ADMINISTRADORA DE BENEFACIOS LTDA;ES
406481;METLIFE PLANOS ODONTOLAGICOS LTDA;SP
380661;METRUS INSTITUTO DE SEGURIDADE SOCIAL;SP
424757;METTA ADMINISTRADORA DE BENEFICIOS LTDA;RJ
412015;MH VIDA OPERADORA DE PLANOS DE SAADE LTDA;RJ
416703;MINERAAAO CARAABA SA;BA
422061;MMS ADMINISTRADORA DE BENEFICIOS LTDA;RJ
421677;MOUNT HERMON ADMINISTRADORA DE BENEFACIOS LTDA;PR
420140;MUITO MAIS SAADE ADMINISTRADORA DE BENEFACIOS;RJ
351351;MULTI BUCAL ODONTOLOGIA LTDA LTDA;SP
418650;MATUA DOS MAGISTRADOS DO ESTADO DO RIO DE JANEIRO;RJ
304441;NACIONAL ODONTO OPERADORA DE PLANOS ODONTOLAGICOS LTDA;PE
421286;NACIONAL SAUDE ADMINISTRADORA DE BENEFICIOS LTDA;RJ
415057;NEWKLIN ODONTOCLANICA LTDA ME;GO
421146;NEXO ADMINISTRADORA DE BENEFICIOS LTDA;SP
305928;NOSAMED ASSISTANCIA MADICA LTDA;SP
372609;NOSSA SAADE OPERADORA PLANOS PRIVADOS DE ASSISTANCIA A SAADE LTDA;PR
348520;NOTRE DAME INTERMADICA MINAS GERAIS SAADE SA;CE
359017;NOTRE DAME INTERMADICA SAADE SA;SP
423661;NOVA SAADE OPERADORA INTEGRADA DE SAADE LTDA;RJ
424561;NOVAMED PLANOS DE SAUDE LTDA;GO
417840;NOVODENTE SA;RS
352888;NUCLEBRAS EQUIPAMENTOS PESADOS SA NUCLEP;RJ
422754;ODILE SERVIAOS DE SAADE LTDA;SP
422088;ODONTOPERADORA ODONTOLOGICA LTDA;SP
421464;ODONTO ALEGRE CLINICAS E PLANOS ODONTOLOGICOS LTDA;RS
310981;ODONTO EMPRESAS CONVENIOS DENTARIOS LTDA;SP
312321;ODONTO JARAGUA LTDA;SC
406414;ODONTO LIFE ASSISTANCIA ODONTOLAGICA SA;PR
422851;ODONTO MAIS BRASIL OPERADORA DE PLANOS ODONTOLOGICO LTDA;AM
422622;ODONTO MAIS SAUDE EMPREENDIMENTOS LTDA;MG
405671;ODONTO PLUS CONVENIO ODONTOLOGICO SOCIEDADE SIMPLES LTDA;RS
418994;ODONTO PRIME SS LTDA;CE
419281;ODONTO SEG OPERADORA DE PLANOS ODONTOLOGICOS SA;SP
414387;ODONTOART PLANOS ODONTOLAGICOS LTDA;CE
344486;ODONTOBASE PLANOS DE SAUDE LTDA;SP
423491;ODONTOBRAS PLANOS ODONTOLOGICOS LTDA;SP
418111;ODONTOCLINICA RCC LTDA SS;RS
422924;ODONTOCOOP OPERADORA DE PLANOS DE SAADE LTDA;AL
389854;ODONTOGROUP SISTEMA DE SAADE LTDA;DF
417831;ODONTOLIVE OPERADORA DE PLANOS ODONTOLAGICOS LTDA;SP
419184;ODONTOMAIS SERVIAOS ODONTOLAGICOS LTDA ME;RN
419583;ODONTOMAXI OPERADORA DE PLANOS ODONTOLAGICOS LTDA;SP
301949;ODONTOPREV SA;SP
412040;ODONTOREAL LTDA;PE
416738;OESTE SAADE ASSISTANCIA A SAADE SUPLEMENTAR SA;SP
422185;OLIVA ADMINISTRADORA DE BENEFICIOS LTDA;RJ
424030;OMEGA ODONTO OPERADORA DE PLANOS ODONTOLOGICOS LTDA;SP
359661;OMINT SERVIAOS DE SAADE SA;SP
304212;ON MED ASSISTANCIA MADICA LTDA;RS
422673;OPERADORA DE PLANOS ODONTOLOGICOS ULTRAODONTO LTDA;BA
420743;OPERADORA DE PLANOS ODONTOLAGICOS ODONTOCLANICA LTDA;RN
419699;OPERADORA DE PLANOS PRIVADOS DE SAADE SANTA CASA SAADE LTDA;MS
318477;OPERADORA UNICENTRAL DE PLANOS DE SAADE LTDA;SP
354511;OPERADORA UNIESTE DE PLANOS DE SAADE LTDA;RJ
418226;OPLAN SAADE OPERADORA DE PLANO DE SAADE LTDA;RJ
418200;ORAL BLUE LTDA;PA
418447;ORAL GAM ASSISTENCIA ODONTOLAGICA LTDA;SP
366510;ORAL SAADE DE IBITINGA SERVIAOS ODONTOLAGICOS SS LTDA;SP
412996;ORALE ASSISTANCIA ODONTOLAGICA LTDA;BA
420972;ORALPLAN PLANOS DE SAUDE ODONTOLAGICOS LTDA;AL
404772;ORION ODONTOLOGIA LTDA;SP
416371;ORION PLANOS E SERVIAOS ODONTOLAGICOS LTDA;SP
419991;OROS OPERADORA DE PLANOS ODONTOLAGICOS LTDA ME;ES
423483;P4H GESTAO DE BENEFICIOS LTDA;SC
315265;PARANA ASSISTENCIA MEDICA LTDA;PR
415782;PARRA ODONTOLOGIA LTDA;SP
331988;PASA PLANO DE ASSISTENCIA A SAUDE DO APOSENTADO DA VALE;RJ
420778;PASSPORT SYSTEM ODONTOLOGIA LTDA;RO
422584;PB ASSISTENCIA MEDICA EU LTDA;BA
422355;PD BRASIL ASSISTENCIA ODONTOLOGICA LTDA;MG
421774;PENTAGONO ADMINISTRADORA DE BENEFACIOS SA;PR
421707;PERSONAL CARE OPERADORA DE SAADE SA;SP
310239;PESSOAL SAADE PLANOS DE ASSISTANCIA MADICA LTDA;SP
419486;PLADISA PLANOS DE SAADE SA;SC
343463;PLAMED PLANO DE ASSISTENCIA MEDICA LTDA;SE
413551;PLAMEDH PLANO DE ASSISTANCIA MADICOHOSPITALAR LTDA;MG
423882;PLAMEDH PLANOS DE SAADE LTDA;MG
324299;PLAMER PLANO MEDICO RESENDE LTDA;RJ
419974;PLAMESC PLANOS DE SAADE LTDA;RJ
424200;PLANO A ADMINISTRADORA DE PLANOS DE SAUDE LTDA;AM
363391;PLANO ASSISTENCIAL SAO LUCAS LTDA;MG
382281;PLANO DE ASSISTANCIA MADICA MINEIRA LTDA;MG
417106;PLANO DE ASSISTANCIA ODONTOLAGICA FAUCHARD LTDA ME;BA
411582;PLANO DE SAUDE ASES LTDA;RJ
360244;PLANO DE SAADE ANA COSTA LTDA;SP
420166;PLANO DE SAADE DA SANTA CASA DE BRAGANAA PAULISTA;SP
411256;PLANO HOSPITAL SAMARITANO LTDA;SP
415936;PLANO ODONTOLAGICO DENTALVIDAS LTDA;SP
423408;PLANO SIGMA SAADE LTDA;SP
415987;PLANO VIDA SAUDE SERVIAOS ODONTOLOGICOS LTDA;SE
416517;PLANODENTE LTDA;MG
418986;PLATINUM ADMINISTRADORA DE BENEFICIOS;DF
420956;PLENA ADMINISTRADORA DE BENEFACIOS LTDA ME;ES
348830;PLENA SAADE SA;SP
403458;PLENODONTO ASSISTANCIA ODONTOLAGICA LTDA;SP
423441;PLENUM ASSISTENCIA MEDICA LTDA;DF
418552;PLURAL GESTAO EM PLANOS DE SAADE LTDA;RJ
417751;PLURICLUB ADMINISTRADORA DE BENEFACIOS LTDA;SP
351270;POLI SAUDE OPERADORA DE PLANO DE SAUDE LTDA;PR
415693;POLICLIN SAADE SA;SP
316903;POLIMADICA SAADE SOCIEDADE SIMPLES LTDA;RS
415081;PORTO DIAS SAUDE LTDA;PA
582;PORTO SEGURO SEGURO SAADE SA;SP
418625;PORTO SEGURO SERVIAOS ODONTOLAGICOS LTDA;SP
417491;PORTOMED PORTO SEGURO SERVIAOS DE SAUDE LTDA;SP
420280;POSITIVA ADMINISTRADORA DE BENEFICIOS LTDA;SP
419133;POSTAL SAADE CAIXA DE ASSISTANCIA E SAADE DOS EMPREGADOS DOS CORREIOS;DF
421413;PP HEALTH ADMINISTRADORA DE BENEFACIOS LTDAME;PR
422959;PRESERVE SAUDE ASSISTENCIA MEDICA LTDA;BA
384844;PREST ODONTO LTDA;SP
413267;PREVENT SENIOR CORPORATE OPERADORA DE SAADE LTDA;SP
302147;PREVENT SENIOR PRIVATE OPERADORA DE SAADE LTDA;SP
421804;PREVER ADMINISTRADORA DE BENEFACIOS LTDA;PR
374440;PREVIDENT ASSISTANCIA ODONTOLAGICA SA;SP
403636;PREVINA ODONTOLOGIA LTDA;SP
418307;PREVISAO ADMINISTRADORA DE BENEFACIOS LTDA;RJ
416525;PRIMA VIDA ODONTOLOGIA DE GRUPO LIMITADA;RJ
424617;PRIME PLANOS DE SAUDE LTDA;AM
424161;PROSAUDE JARINU ASSISTENCIA MEDICA SUPLEMENTAR LTDA;SP
310522;PROASA SAADE;DF
424251;PROLIFE ADMINISTRADORA DE SAUDE LTDA;SP
326861;PROMADICA PROTEAAO MEDICA A EMPRESAS SA;BA
417475;PRONTO SOCORRO CONDE DE MOREIRA LIMA;SP
305626;PRONTOCLINICA E HOSPITAIS SAO LUCAS SA;MG
301728;PRONTOMED PLANOS DE SAADE LTDA;MG
421383;PROPULSAO PLANOS ODONTOLAGICOS LTDA;PR
422533;PROVER ODONTOLOGIA LTDA;MS
423998;PROVIDENCE ADMINISTRADORA DE BENEFICIOS LTDA;RJ
422193;PRUDENTE ADMINISTRADORA DE BENEFICIOS LTDA;SP
424641;PRASAADE ADMINISTRADORA DE BENEFICIOS LTDA;RJ
422703;PS ASSISTENCIA LTDA;ES
420999;QUALI ADMINISTRADORA DE BENEFACIOS SA;ES
417173;QUALICORP ADMINISTRADORA DE BENEFACIOS SA;SP
419290;QUALICORP CLUBE DE SAADE ADMINISTRADORA DE BENEFACIOS LTDA;SP
417131;QUALIDONTO QUALIDADE EM ODONTOLOGIA LTDA;BA
421243;QUALITY GOLD SAADE ADMINISTRADORA DE PLANOS DE SAADE LTDAME;RJ
418170;QUALLITY PRA SAADE PLANO DE ASSISTANCIA MADICA LTDA;DF
419389;QV BENEFACIOS EM SAADE LTDA;RJ
420271;RMI OPERADORA DE SAADE INTEGRADA LTDA;SP
418196;RAMED ADMINISTRADORA DE BENEFICIOS LTDA;SP
418862;RBS PARTICIPAAAES SA;RS
331317;REAL GRANDEZA FUNDAAAO DE PREVIDANCIA E ASSISTANCIA SOCIAL;RJ
423513;REAL GRANDEZA SAADE;RJ
418692;RESOLVE ADMINISTRADORA DE BENEFACIOS LTDA;PI
422878;RG SAADE ADMINISTRADORA DE BENEFICIOS LTDA;SP
417149;RIBERDENTE SERVIAOS ODONTOLAGICOS SS LTDA;SP
421359;RIO DOCE SAADE;ES
415243;RODRIGUES LEIRA ODONTOLOGIA LTDA;SP
415821;ROPE ODONTOLOGIA ESPECIALIZADA SS LTDA;SP
324493;SPA SAUDE SISTEMA DE PROMOAAO ASSISTENCIAL;SP
420981;S1 OPERADORA DE PLANO DE SAADE LTDA;DF
418439;SAFE LIFE ADMINISTRADORA DE BENEFACIOS LTDA;SP
423815;SAGRADA SAADE ASSISTANCIA MADICA LTDA;MG
419567;SALUPLAN ADMINISTRADORA DE BENEFACIOS LTDA;SP
422746;SALUSMED OPERADORA DE PLANOS DE SAUDE LTDA;SP
422860;SALUTY ADMINISTRADORA DE BENEFICIOS LTDA;RJ
424421;SALVE SAADE ADMINISTRADORA DE BENEFACIOS LTDA;RJ
415901;SAMESERVIAO DE ASSISTANCIA MADICA EMPRESARIAL LTDA;MA
335614;SAMEDIL SERVIAOS DE ATENDIMENTO MADICO SA;ES
367095;SAMEL PLANO DE SAADE LTDA;AM
422398;SAMI ASSISTANCIA MADICA LTDA;SP
340162;SAMIG SERV DE ASSISTENCIA MEDICA DA ILHA DO GOVERNADOR LTDA;RJ
343676;SAMOC SA SOCIEDADE ASSISTENCIAL MADICA E ODONTO CIRARGICA;RJ
342033;SAMP ESPIRITO SANTO ASSISTENCIA MEDICA SA;ES
408522;SANTA CASA DA MISERICARDIA DE SAO JOAO DEL REI;MG
421197;SANTA CASA DE MAUA SAADE;SP
345091;SANTA CASA DE MISERICORDIA DE SAO JOAQUIM DA BARRA;SP
353264;SANTA CASA DE MISERICORDIA HOSPITAL SAO VICENTE;SP
342807;SANTA CASA DE MISERICARDIA DE JUIZ DE FORA;MG
306045;SANTA CASA DE MISERICARDIA DE TUPA;SP
330116;SANTA CASA DE MISERICARDIA DE VOTUPORANGA;SP
344915;SANTA CASA DE MISERICARDIA E ASILO DOS POBRES DE BATATAIS;SP
422762;SANTA CASA DE MISERICARDIA E BENEFICANCIA PORTUGUESA;SP
420085;SANTA CASA DE SAADE SCS;ES
424404;SANTA CRUZ SAADE GESTAO EM PLANOS DE SAADE LTDA;MS
355097;SANTA HELENA ASSISTANCIA MADICA SA;SP
400190;SANTO ANDRA PLANOS DE ASSISTENCIA MADICA LTDA;SP
405582;SANTOS VIP ASSISTANCIA ODONTOLAGICA LTDA;AM
421758;SANUS ADMINISTRADORA DE BENEFACIOS LTDA;ES
424633;SAUDE FACIL PLANOS DE SAUDE LTDA;RJ
423106;SAUDE INTEGRAL ASSISTENCIA MEDICA LTDA;BA
409243;SAUDE PAS MEDICINA E ODONTO;RS
424463;SAUDE SALV ASSISTENCIA MEDICA LTDA;RO
424145;SAUDE VIVA ADMINISTRADORA DE BENEFICIOS LTDA;SP
423645;SAUDIA ASSISTENCIA MADICA LTDA;MG
421154;SAADE BRASIL ASSISTANCIA MADICA LTDA;SP
414310;SAADE BRB CAIXA DE ASSISTANCIA;DF
423394;SAADE PLENA ADMINISTRADORA DE BENEFACIOS LTDA;MG
414930;SAADE SANTA TEREZA LTDA;SP
412058;SBC SAADE LTDA;SP
421634;SDM OPERADORA DE PLANOS DE SAUDE LTDA;RJ
358053;SELECT OPERADORA DE PLANO DE SAUDE LTDA;GO
414654;SEMPRE ODONTO PLANOS ODONTOLOGICOS LTDA;RJ
407224;SEPACO SAADE LTDA;SP
303739;SERMEDSAADE LTDA;SP
424188;SERV SOCIAL AUTANOMO DE ASSIST A SAADE DOS SERV PABLICOS E MILITARES DE GOIAS;GO
414701;SERVDONTO PLANO DE ASSISTANCIA ODONTOLAGICA LTDA;SE
417602;SERVIX ADMINISTRADORA DE BENEFACIOS LTDA;DF
324710;SERVIAO DE ASSISTANCIA ODONTOLAGICA SOCIAL LTDA;SP
345474;SERVIAO FEDERAL DE PROCESSAMENTO DE DADOS SERPRO;DF
420077;SERVIAO SOCIAL DA INDASTRIA DO PAPEL PAPELAO E CORTIAA DO ESTADO DE SAO PAULO SEPACO;SP
424595;SF SAADE ASSISTANCIA MADICA LTDA;PE
423874;SF SAADE ODONTOMAIS ASSISTANCIA ODONTOLAGICA LTDA;PE
422371;SF SISTEMAS DE SAADE LTDA;SP
356476;SIM CAIXA DE ASSISTANCIA A SAADE;SC
361011;SINDIFISCO NACIONAL SINDICATO NACIONAL DOS AUDITORESFISCAIS DA RECEITA FEDERAL DO BRASIL;DF
344095;SISDENTE SISTEMA INTEGRADO DE SAADE DENTAL LTDA;MG
423556;SISO PLANO ODONTOLOGICO LTDA;SP
418790;SISTEMA 1 SERVIAOS DE ASSISTANCIA A SAADE SUPLEMENTAR;PR
403865;SISTEMA INTEGRADO DE SAUDE ORAL LTDAEPP;BA
333239;SISTEMA PREVSAUDE DENTAL LTDA;CE
402001;SISTEMA TOTAL DE SAADE LTDA;SP
352586;SISTEMAS E PLANOS DE SAADE LTDA;SP
402095;SITO SISTEMA INTEGRADO DE TRATAMENTO ODONTOLAGICO LTDA;SP
420051;SMART CARE SISTEMAS MADICOS E ODONTOLAGICOS LTDA;SP
423947;SMILES ODONTO LTDA;PR
326500;SOBAM CENTRO MADICO HOSPITALAR SA;SP
415898;SOCIEDADE BENECAP DE ASSISTANCIA A SAADE;DF
413721;SOCIEDADE BENEFICENTE DEZOITO DE JULHO;MG
411809;SOCIEDADE DE ASSISTANCIA MADICA SAMEISA;RS
413941;SOCIEDADE DE ASSISTANCIA ODONTOLOGICA DE GRUPORN DENTAL MED CENTERRN;RN
413372;SOCIEDADE PORTUGUESA DE BENEFICANCIA;RS
416410;SOCIODONTO PLANO DE ASSISTANCIA ODONTOLAGICA LTDA;MG
423068;SOLIDUS ADMINISTRADORA DE BENEFICIOS E SOLUCOES EM SAUDE LTDA;BA
415871;SOLIMEO ASSISTANCIA ODONTOLAGICA LTDA;SP
422291;SOLUTIONS ADMINISTRADORA DE BENEFICIOS LTDA;RJ
424153;SOMA ADMINISTRADORA DE BENEFICIOS LTDA;RJ
403245;SOPREVI SERVIAO ODONTOLAGICO PREVENTIVO INTEGRADO LTDA;RS
419524;SORRIDEN CONVANIOS ODONTOLAGICOS SA;SP
421472;SORRISO STUDIO PLANO DE SAUDE LTDA;SP
6246;SUL AMERICA COMPANHIA DE SEGURO SAADE;RJ
417815;SUL AMARICA ODONTOLAGICO SA;SP
416428;SUL AMARICA PARANA CLANICAS SERVIAOS DE SAADE SA;SP
423718;SUL DO PARA LTDA;PA
338346;SULMED ASSISTANCIA MADICA LTDA;RS
421405;SUPERMED ADMINISTRADORA DE BENEFACIOS LTDA;RJ
424498;SUPORTE ADMINISTRADORA DE BENEFICIOS LTDA;RJ
412252;SV SAUDE ADMINSTRADORES DE PLANO DE SAUDE LTDA;RJ
319180;SAO DOMINGOS SAADE ASSISTANCIA MADICA LTDA;SP
403962;SAO FRANCISCO ASSISTANCIA MADICA LTDA;PE
344362;SAO LUCAS SAADE SA;SP
421740;TECBEN ADMINISTRADORA DE BENEFICIOS LTDA;SP
316849;TELOS FUNDAAAO EMBRATEL DE SEGURIDADE SOCIAL;RJ
422771;TEMPO MED PLANO DE SAUDE LTDA;SC
412759;TERRAMAR ADMINISTRADORA DE PLANO DE SAUDE LTDA;BA
416193;TOP DOCTORS ODONTOLOGIA LTDA;SP
417114;TOPDONTO OPERADORA DE PLANO ODONTOLAGICO LTDA;BA
423548;TOTAL ASSISTANCIA MADICA HOSPITALAR LTDA;MG
423017;TOTAL SAUDE ADMINISTRADORA DE BENEFICIOS EIRELI;ES
422827;TRINO ALIANCA FILANTRAPICA DE ASSISTANCIA E INTEGRAAAO PARA O DESENVOLVIMENTO DA SAUDE;ES
418528;UNIBEN ADMINISTRADORA DE BENEFACIOS LTDA;MG
424501;UNIC ASSISTENCIA MEDICA LTDA;SP
420107;UNICONSULT ADMINISTRADORA DE BENEFICIOS E SERVICOS LTDA;SP
423041;UNICOR ADMINISTRADORA DE BENEFICIOS LTDA;MG
401072;UNIDENTAL COOPERATIVA UNIAO DOS DENTISTAS DO ESTADO DO CEARA;CE
413429;UNIDENTIS ASSISTENCIA ODONTOLOGICA LTDA;PB
404942;UNIFICAAAO DOS DENTISTAS DE ITUVERAVA LTDA;SP
385255;UNIHOSP SAADE LTDA;SP
306398;UNIMED COOPERATIVA DE SERVIAOS DE SAADE DOS VALES DO TAQUARI E RIO PARDO LTDA;RS
354996;UNIMED ALFENAS COOPERATIVA DE TRABALHO MEDICO;MG
324159;UNIMED ALTA MOGIANA COOPERATIVA DE TRABALHO MADICO;SP
343684;UNIMED ALTO DA SERRA SOCIEDADE COOPERATIVA DE SERVIAO MADICO LTDA;RS
352519;UNIMED ALTO JACUARS COOPERATIVA DE ASSISTANCIA A SAADE LTDA;RS
341819;UNIMED ALTO PARANAIBA COOPERATIVA DE TRABALHO MEDICO;MG
348261;UNIMED ALTO SAO FRANCISCO COOPERATIVA DE TRABALHO MADICO;MG
372561;UNIMED ALTO VALE COOPERATIVA DE TRABALHO MADICO;SC
345598;UNIMED AMPARO COOPERATIVA DE TRABALHO MADICO;SP
348082;UNIMED ANHANGUERA COOPERATIVA DE TRABALHO MADICO;SP
312347;UNIMED ANAPOLIS COOPERATIVA DE TRABALHO MADICO;GO
358096;UNIMED APUCARANA COOPERATIVA DE TRABALHO MADICO;PR
354325;UNIMED ARAGUARI COOPERATIVA DE TRABALHO MADICO;MG
335215;UNIMED ARARUAMA COOPERATIVA DE TRABALHO MADICO LTDA;RJ
331651;UNIMED ARAXA COOPERATIVA DE TRABALHO MADICO LTDA;MG
309087;UNIMED BARBACENA COOPERATIVA DE TRABALHO MADICO LTDA;MG
304468;UNIMED BARRA DO GARAAS COOPERATIVA DE TRABALHO MADICO;MT
343889;UNIMED BELO HORIZONTE COOPERATIVA DE TRABALHO MADICO;MG
303976;UNIMED BELAM COOPERATIVA DE TRABALHO MADICO;PA
334561;UNIMED BLUMENAU COOPERATIVA DE TRABALHO MEDICO;SC
323357;UNIMED CABO FRIO COOPERATIVA TRABALHO MADICO LTDA;RJ
350346;UNIMED CACERES COOPERATIVA DE TRABALHO MADICO;MT
344141;UNIMED CAJAZEIRAS SOCIEDADE COOPERATIVA DE TRABALHO MADICO;PB
343765;UNIMED CALDAS NOVAS COOPERATIVA DE TRABALHO MEDICO;GO
367397;UNIMED CAMPINA GRANDE COOPERATIVA DE TRABALHO MEDICO LTDA;PB
335690;UNIMED CAMPINAS COOPERATIVA DE TRABALHO MADICO;SP
367613;UNIMED CAMPO BELO COOPERATIVA DE TRABALHO MADICO;MG
312851;UNIMED CAMPO GRANDE MS COOPERATIVA DE TRABALHO MADICO;MS
347736;UNIMED CARATINGA COOPERATIVA DE TRABALHO MADICO LTDA;MG
340952;UNIMED CARUARUCOOPERATIVA DE TRABALHO MEDICO;PE
315648;UNIMED CATAGUASES COOPERATIVA DE TRABALHO MADICO LTDA;MG
346951;UNIMED CAAADOR COOPERATIVA DE TRABALHO MADICO DA REGIAO DO CONTESTADO;SC
357138;UNIMED CENTRO OESTE PAULISTA FEDERAAAO INTRAFEDERATIVA DAS COOPERATIVAS MADICAS;SP
414573;UNIMED CENTRO PAULISTA FEDERAAAO INTRAFEDERATIVA DAS COOPERATIVAS MADICAS;SP
347507;UNIMED CENTRO RONDANIA COOPERATIVA DE TRABALHO MADICO;RO
320897;UNIMED CENTRO SUL FLUMINENSE COOPERATIVA DE TRABALHO MADICO;RJ
354295;UNIMED CHAPECA COOPERATIVA DE TRABALHO MADICO DA REGIAO OESTE CATARINENSE;SC
345709;UNIMED CONSELHEIRO LAFAIETE COOPERATIVA DE TRABALHO MADICO LTDA;MG
324345;UNIMED COSTA DO DESCOBRIMENTO COOPERATIVA DE TRABALHO MADICO;BA
371106;UNIMED COSTA OESTE COOPERATIVA DE TRABALHO MADICO;PR
311146;UNIMED COSTA VERDE RJ;RJ
342084;UNIMED CUIABA COOPERATIVA DE TRABALHO MADICO;MT
304701;UNIMED CURITIBA SOCIEDADE COOPERATIVA DE MADICOS;PR
330108;UNIMED CURVELO COOPERATIVA DE TRABALHO MADICO LTDA;MG
311944;UNIMED DE ADAMANTINACOOPERATIVA DE TRABALHO MADICO;SP
303844;UNIMED DE ANDRADINA COOPERATIVA DE TRABALHO MADICO;SP
369411;UNIMED DE ARACATUBA COOPERATIVA DE TRABALHO MADICO;SP
364312;UNIMED DE ARARAQUARA COOP DE TRAB MADICO;SP
300713;UNIMED DE ASSIS COOPERATIVA DE TRABALHO MADICO;SP
304123;UNIMED DE AVARA COOPERATIVA DE TRABALHO MADICO;SP
330264;UNIMED DE BARRA MANSA SOC COOP SERVMEDE HOSPIT;RJ
347108;UNIMED DE BARRETOS COOPERATIVA DE TRABALHO MADICO;SP
313149;UNIMED DE BATATAIS COOPERATIVA DE TRABALHO MADICO;SP
369659;UNIMED DE BAURU COOPERATIVA DE TRABALHO MADICO;SP
331341;UNIMED DE BEBEDOURO COOPERATIVA DE TRABALHO MADICO;SP
345776;UNIMED DE BIRIGUI COOPERATIVA DE TRABALHO MADICO;SP
304883;UNIMED DE BOTUCATU COOPERATIVA DE TRABALHO MADICO;SP
348244;UNIMED DE BRUSQUE COOPERATIVA DE TRABALHO MADICO;SC
352683;UNIMED DE CAMPOS COOPERATIVA DE TRABALHO MADICO;RJ
366340;UNIMED DE CAPIVARI COOPERATIVA DE TRABALHO MADICO;SP
370070;UNIMED DE CASCAVEL COOPERATIVA DE TRABALHO MADICO;PR
324566;UNIMED DE CATALAO COOPERATIVA DE TRABALHO MADICO;GO
351407;UNIMED DE CATANDUVA COOPERATIVA DE TRABALHO MADICO;SP
334154;UNIMED DE CAAAPAVA COOPERATIVA DE TRABALHO MEDICO;SP
354627;UNIMED DE CIANORTE COOPERATIVA DE TRABALHO MEDICO;PR
344788;UNIMED DE CORUMBA COOPERATIVA DE TRABALHO MADICO;MS
329339;UNIMED DE CRICIAMA COOPERATIVA DE TRABALHO MADICO DA REGIAO CARBONAFERA;SC
333662;UNIMED DE DOURADOS COOPERATIVA DE TRABALHO MADICO LTDA;MS
314781;UNIMED DE DRACENA COOPERATIVA DE TRABALHO MADICO;SP
317144;UNIMED DE FORTALEZA SOCIEDADE COOPERATIVA MADICA LTDA;CE
355577;UNIMED DE GUARATINGUETACOOPERATIVA DE TRABALHO MADICO;SP
333051;UNIMED DE GUARULHOS COOPERATIVA DE TRABALHO MADICO;SP
365238;UNIMED DE IBITINGA COOPERATIVA DE TRABALHO MADICO;SP
329886;UNIMED DE JABOTICABAL COOP DE TRABALHO MADICO;SP
334847;UNIMED DE JATAA COOPERATIVA DE TRABALHO MADICO LTDA;GO
321273;UNIMED DE JOINVILLE COOPERATIVA DE TRABALHO MADICO;SC
325031;UNIMED DE LENAOIS PAULISTA COOPERATIVA DE TRABALHO MADICO;SP
301574;UNIMED DE LIMEIRA COOPERATIVA DE TRABALHO MADICO;SP
354279;UNIMED DE LINS COOPERATIVA DE TRABALHOS MADICOS;SP
343269;UNIMED DE LONDRINA COOPERATIVA DE TRABALHO MADICO;PR
385620;UNIMED DE LORENA COOPERATIVA DE TRABALHO MADICO;SP
302953;UNIMED DE MACAA COOPERATIVA DE ASSISTANCIA A SAADE;RJ
311961;UNIMED DE MANAUS COOP DO TRABALHO MADICO LTDA;AM
336106;UNIMED DE MARILIA COOPERATIVA DE TRABALHO MADICO;SP
357715;UNIMED DE MINEIROS COOPERATIVA DE TRABALHO MADICO;GO
328308;UNIMED DE MOCOCA COOPERATIVA DE TRAB MADICO;SP
309524;UNIMED DE MONTE ALTO COOPERATIVA DE TRABALHO MADICO;SP
311294;UNIMED DE OURINHOS COOPERATIVA DE TRABALHO MADICO;SP
361615;UNIMED DE PARANAGUA COOPERATIVA DE TRABALHO MADICO;PR
320862;UNIMED DE PARANAVAA COOPERATIVA DE TRABALHO MADICO;PR
323004;UNIMED DE PENAPOLIS COOPERATIVA DE TRABALHO MEDICO;SP
342343;UNIMED DE PINDAMONHANGABA COOPERATIVA TRABALHO MEDICO;SP
315729;UNIMED DE PIRACICABA SOCIEDADE COOPERATIVA DE SERVIAOS MADICOS;SP
314242;UNIMED DE PIRASSUNUNGA COOPERATIVA DE TRABALHO MADICO;SP
315796;UNIMED DE PRESIDENTE PRUDENTE COOPERATIVA DE TRAB MADICO;SP
351776;UNIMED DE REGISTRO COOPERATIVA DE TRABALHO MADICO;SP
351202;UNIMED DE RIBEIRAO PRETO COOPERATIVA DE TRABALHO MADICO;SP
306126;UNIMED DE RIO CLARO SP COOPERATIVA DE TRABALHO MEDICO;SP
369292;UNIMED DE SANTA BARBARA DOESTE E AMERICANA COOP DE TRABALHO MADICO;SP
355721;UNIMED DE SANTOS COOP DE TRAB MEDICO;SP
354619;UNIMED DE SAO JOSA DO RIO PARDOCOOP DE TRAB MADICO;SP
303178;UNIMED DE SOBRAL SOCIEDADE COOPERATIVA MADICA LTDA;CE
318388;UNIMED DE SAO ROQUE COOPERATIVA DE TRABALHO MADICO;SP
361941;UNIMED DE TATUI COOPERATIVA DE TRABALHO MADICO;SP
363286;UNIMED DE TAUBATA COOPERATIVA DE TRABALHO MADICO;SP
364860;UNIMED DE TUBARAO COOPERATIVA DE TRABALHO MEDICO DA REGIAO DA AMUREL;SC
365530;UNIMED DE TUPA COOPERATIVA DE TRABALHO MADICO;SP
362573;UNIMED DE UBA COOPERATIVA DE TRABALHO MEDICO;MG
364584;UNIMED DE VOLTA REDONDA COOPERATIVA DE TRABALHO MADICO;RJ
319121;UNIMED DIVINOPOLIS COOPERATIVA DE TRABALHO MEDICO LTDA;MG
300870;UNIMED DO BRASIL CONF NACIONAL DAS COOPERATIVAS MADICAS;SP
356123;UNIMED DO CARIRI SOCIEDADE COOPERATIVA MADICA LTDA;CE
321958;UNIMED DO CEARA FEDERAAAO DAS SOCIEDADES COOPERATIVAS MADICAS DO ESTADO DO CEARA LTDA;CE
312363;UNIMED DO EST DO RJ FEDERAAAO EST DAS COOPERATIVAS MADICAS;RJ
355691;UNIMED DO ESTADO DE SANTA CATARINA FED EST DAS COOP MAD;SC
319996;UNIMED DO ESTADO DE SAO PAULO FEDERAAAO ESTADUAL DAS COOP MADICAS;SP
312720;UNIMED DO ESTADO DO PARANA FEDERAAAO ESTADUAL DAS COOPERATIVAS MADICAS;PR
325082;UNIMED DO OESTE DA BAHIA COOPERATIVA DE TRABALHO MADICO;BA
350371;UNIMED DO SUDOESTE COOPERATIVA DE TRABALHO MEDICO LTDA;BA
311715;UNIMED ENCOSTA DA SERRARS SOCIEDADE COOPERATIVA DE SERVIAOS DE SAADE LTDA;RS
357022;UNIMED ERECHIM COOPERATIVA DE SERVIAOS DE SAADE LTDA;RS
340251;UNIMED EXTREMO OESTE CATARINENSE COOPERATIVA DE TRABALHO MADICO;SC
346209;UNIMED EXTREMO SUL COOPERATIVA DE TRABALHO MADICO;BA
328031;UNIMED FEDERAAAO DO ESTADO DO MATO GROSSO;MT
354783;UNIMED FRANCA SOCIEDADE COOPERATIVA DE SERVIAOS MADICOS E HOSPITALARES;SP
336858;UNIMED FRANCISCO BELTRAO COOPERATIVA DE TRABALHO MEDICO;PR
352179;UNIMED FRONTEIRA NOROESTERS COOPERATIVA DE ASSISTANCIA A SAADE LTDA;RS
371564;UNIMED FRUTAL COOPERATIVA DE TRABALHO MEDICO LTDA;MG
382876;UNIMED GOIANIA COOPERATIVA DE TRABALHO MADICO;GO
386588;UNIMED GOVERNADOR VALADARES COOP DE TRABALHO MADICO LTDA;MG
360449;UNIMED GRANDE FLORIANAPOLISCOOPERATIVA DE TRABALHO MEDICO;SC
322571;UNIMED GUARAPUAVA COOPERATIVA DE TRABALHO MADICO;PR
318035;UNIMED GUAXUPA COOPERATIVA DE TRABALHO MEDICO;MG
301124;UNIMED GURUPI COOPERATIVA DE TRABALHO MADICO;TO
304395;UNIMED INCONFIDENTES COOPERATIVA DE TRABALHO MADICO LTDA;MG
320838;UNIMED INTRAFEDERATIVA FEDERAAAO REGIONAL SUL DE MINAS;MG
335517;UNIMED ITABIRA COOPERATIVA DE TRABALHO MADICO;MG
322831;UNIMED ITAJUBA COOPERATIVA DE TRABALHO MEDICO;MG
356581;UNIMED ITAANA COOPERATIVA DE TRABALHO MADICO LTDA;MG
301060;UNIMED ITUIUTABA COOPERATIVA TRABALHO MADICO LTDA;MG
321044;UNIMED JOAO PESSOA COOPERATIVA DE TRABALHO MADICO;PB
352314;UNIMED JOAO MONLEVADE COOPERATIVA DE TRABALHO MADICO LTDA;MG
306886;UNIMED JUIZ DE FORA COOPERATIVA DE TRABALHO MADICO LTDA;MG
303267;UNIMED JUNDIAI COOPERATIVA DE TRABALHO MADICO;SP
345458;UNIMED LAVRAS COOPERATIVA DE TRABALHO MADICO;MG
386901;UNIMED LEOPOLDINA COOPERATIVA DE TRABALHO MADICO LTDA;MG
358088;UNIMED LESTE PAULISTA COOPERATIVA DE TRABALHO MADICO;SP
303356;UNIMED LITORAL COOPERATIVA DE TRABALHO MADICO LTDA;SC
300136;UNIMED LITORAL SULRS COOPERATIVA DE ASSISTANCIA A SAADE LTDA;RS
327689;UNIMED MACEIO COOPERATIVA DE TRABALHO MADICO;AL
354678;UNIMED MACHADO COOPERATIVA DE TRABALHO MEDICO;MG
352543;UNIMED MARANHAO DO SUL COOPERATIVA DE TRABALHO MADICO;MA
321087;UNIMED MARQUES DE VALENAA COOPERATIVA DE TRABALHO MADICO LTDA;RJ
301744;UNIMED MEIO OESTE CATARINENSE COOPERATIVA DE TRABALHO MADICO;SC
318566;UNIMED METROPOLITANA DO AGRESTE COOPERATIVA DE TRABALHO MADICO;AL
311618;UNIMED MISSAESRS COOPERATIVA DE ASSISTANCIA A SAADE LTDA;RS
304051;UNIMED MONTES CLAROS COOPERATIVA DE TRABALHO MADICO LTDA;MG
342157;UNIMED MORRINHOS COOPERATIVA DE TRABALHO MEDICO;GO
368148;UNIMED MURIAA COOPERATIVA DE TRABALHO MEDICO LTDA;MG
339679;UNIMED NACIONAL COOPERATIVA CENTRAL;SP
335592;UNIMED NATAL SOC COOP DE TRAB MADICO;RN
328294;UNIMED NORDESTE PAULISTA FED INTRAFEDERATIVA DAS COOP MADICAS;SP
371629;UNIMED NOROESTE CAPIXABA COOPERATIVA DE TRABALHO MADICO;ES
315494;UNIMED NOROESTE DE MINAS COOPERATIVA DE TRABALHO MEDICO LTDA;MG
365777;UNIMED NOROESTE DO PARANA COOP DE TRABALHO MADICO;PR
360414;UNIMED NOROESTE FLUMINENSE COOPERATIVA DE TRABALHO MADICO LTDA;RJ
357260;UNIMED NOROESTERS SOCIEDADE COOPERATIVA DE ASSISTANCIA A SAADE LTDA;RS
371777;UNIMED NORTE CAPIXABA COOPERATIVA DE TRABALHO MADICO;ES
353663;UNIMED NORTE DO MATO GROSSO COOPERATIVA DE TRABALHO MADICO;MT
358282;UNIMED NORTE DO PARANA COOPERATIVA REGIONAL DE TRABALHO MADICO;PR
312592;UNIMED NORTE FLUMINENSE COOPERATIVA DE TRABALHO MEDICO;RJ
323055;UNIMED NORTE PAULISTA COOPERATIVA DE TRABALHO MADICO;SP
366064;UNIMED NORTE PIONEIRO COOPERATIVA DE TRABALHO MADICO;PR
324213;UNIMED NORTENORDESTEFEDERAAAO INTERFEDERATIVA DAS SOCIEDADES COOPERATIVAS DE TRABALHO MADICO EM RECUPERAAAO JUDICIAL;PB
335479;UNIMED NOVA FRIBURGOSOCCOOPSERVMEDHOSPLTDA;RJ
344397;UNIMED NOVA IGUACU COOPERATIVA DE TRABALHO MEDICO;RJ
305227;UNIMED OESTE DO PARANA COOPERATIVA DE TRABALHO MEDICO;PR
362140;UNIMED OESTE DO PARA COOPERATIVA DE TRABALHO MADICO;PA
415014;UNIMED OS BANDEIRANTES COOPERATIVA DE TRABALHO MADICO;SP
309907;UNIMED PALMAS COOPERATIVA DE TRABALHO MADICO;TO
324523;UNIMED PARAIBA FEDERAAAO DAS SOCIEDADES COOPERATIVAS DE TRABALHO MEDICO;PB
304344;UNIMED PARA DE MINAS COOPERATIVA DE TRABALHO MADICO LTDA;MG
370681;UNIMED PATO BRANCO SOCIEDADE COOPERATIVA DE MADICOS;PR
336467;UNIMED PATOS COOPERATIVA DE TRABALHO MADICO;PB
353060;UNIMED PATOS DE MINAS COOPERATIVA TRABALHO MADICO LTDA;MG
355593;UNIMED PATROCANIO COOPERATIVA DE TRABALHO MADICO LTDA;MG
311375;UNIMED PELOTASRS COOPERATIVA DE ASSISTANCIA A SAADE LTDA;RS
323993;UNIMED PETROPOLISRJ COOPERATIVA DE TRABALHO MADICO;RJ
362832;UNIMED PLANALTO CENTRALRS COOPERATIVA DE ASSISTANCIA A SAADE LTDA;RS
319384;UNIMED PLANALTO MADIORS COOPERATIVA DE ASSISTANCIA A SAADE LTDA;RS
349712;UNIMED PONTA GROSSA COOPERATIVA DE TRABALHO MEDICO;PR
353876;UNIMED PONTAL DO TRIANGULO COOPERATIVA DE TRABALHO MADICO;MG
343722;UNIMED PONTE NOVA COOPERATIVA DE TRABALHO MEDICO LTDA;MG
352501;UNIMED PORTO ALEGRE COOPERATIVA MADICA LTDA;RS
337374;UNIMED PORTO VELHO SOCIEDADE COOPERATIVA MADICA LTDA;RO
316148;UNIMED POAOS DE CALDAS SOC COOP DE TRAB E SERVIAOS MADICOS;MG
344885;UNIMED RECIFE COOPERATIVA DE TRABALHO MADICO;PE
311847;UNIMED REGIONAL DA BAIXA MOGIANA COOPERATIVA DE TRABALHO MADICO;SP
306100;UNIMED REGIONAL DE CAMPO MOURAO COOP TRAB MEDICO;PR
316458;UNIMED REGIONAL DE FLORIANO COOPERATIVA DE TRABALHO MADICO;PI
313475;UNIMED REGIONAL DE PICOS COOPERATIVA DE TRABALHO MADICO;PI
342386;UNIMED REGIONAL DE TRES LAGOAS COOPERATIVA DE TRABALHO MADICO;MS
306762;UNIMED REGIONAL JAU COOPERATIVA DE TRABALHO MADICO;SP
371254;UNIMED REGIONAL MARINGA COOPDE TRABALHO MADICO;PR
305472;UNIMED REGIONAL SUL GOIAS COOP DE TRABALHO MADICO LTDA;GO
350648;UNIMED REGIAO DA CAMPANHARS COOPERATIVA DE ASSISTANCIA A SAADE LTDA;RS
328375;UNIMED REGIAO DA FRONTEIRA RS COOPERATIVA DE ASSISTANCIA A SAADE LTDA;RS
353698;UNIMED REGIAO DA PRODUAAORS COOPERATIVA DE ASSISTANCIA A SAADE LTDA;RS
330566;UNIMED RESENDE COOPERATIVA DE TRABALHO MADICO;RJ
337871;UNIMED RIO BRANCO COOPERATIVA DE TRABALHO MEDICO LTDA;AC
320251;UNIMED RIO VERDE COOPERATIVA TRABALHO MEDICO;GO
359777;UNIMED RONDONOPOLIS COOPERATIVA DE TRABALHO MADICO LTDA;MT
346276;UNIMED SALTOITU COOPERATIVA MADICA;SP
319708;UNIMED SANTA MARIARS COOPERATIVA DE ASSISTANCIA A SAADE LTDA;RS
331872;UNIMED SAO JOSE DOS CAMPOS COOPERATIVA DE TRABALHO MEDICO;SP
335100;UNIMED SAO JOSA DO RIO PRETO COOP DE TRABALHO MADICO;SP
416801;UNIMED SAADE E ODONTO SA;SP
701;UNIMED SEGUROS SAADE SA;SP
337668;UNIMED SERGIPE COOPERATIVA DE TRABALHO MADICO;SE
325571;UNIMED SERRA GAUCHARS COOPERATIVA DE ASSISTENCIA A SAUDE LTDA;RS
348295;UNIMED SOROCABA COOPERATIVA DE TRABALHO MADICO;SP
343153;UNIMED SOUSA COOPERATIVA DE TRABALHO MADICO;PB
324175;UNIMED SUDOESTE DE MINAS COOPERATIVA DE TRABALHO MADICO;MG
327468;UNIMED SUDOESTE PAULISTA COOPERATIVA DE TRABALHO MADICO;SP
320706;UNIMED SUL CAPIXABA COOPERATIVA DE TRABALHO MADICO;ES
353027;UNIMED SUL PAULISTA COOPERATIVA DE TRABALHO MADICO;SP
354031;UNIMED SAO CARLOS COOPERATIVA DE TRABALHO MADICO;SP
323926;UNIMED SAO JOAO DEL REI COOPERATIVA DE TRABALHO MADICO;MG
327638;UNIMED SAO JOAO NEPOMUCENO COOPERATIVA DE TRABALHO MADICO LTDA;MG
370088;UNIMED SAO LOURENAO COOPERATIVA DE TRABALHO MADICO;MG
327352;UNIMED SAO SEBASTIAO DO PARAASO COOPERATIVA DE TRABALHO MADICO;MG
316881;UNIMED TEOFILO OTONI COOPERATIVA DE TRABALHO MADICO;MG
353353;UNIMED TERESINA COOPERATIVA DE TRABALHO MADICO;PI
359033;UNIMED TRAS CORAAAES COOPERATIVA DE TRABALHO MADICO LTDA;MG
364070;UNIMED TRAS PONTAS COOPERATIVA DE TRABALHO MADICO;MG
337498;UNIMED TRAS RIOS COOPERATIVA DE TRABALHO MADICO;RJ
354066;UNIMED UBERABA COOPERATIVA DE TRABALHO MEDICO LTDA;MG
384577;UNIMED UBERLANDIA COOPERATIVA REGIONAL TRABALHO MADICO LTDA;MG
335541;UNIMED VALE DAS ANTAS RS COOPERATIVA DE ASSISTANCIA A SAADE LTDA;RS
359289;UNIMED VALE DO AAO COOPERATIVA DE TRABALHO MADICO;MG
337561;UNIMED VALE DO CARANGOLA COOPERATIVA DE TRABALHO MEDICO LTDA;MG
313211;UNIMED VALE DO CAARS COOPERATIVA DE ASSISTANCIA A SAADE LTDA;RS
302228;UNIMED VALE DO CORUMBA COOPERATIVA DE TRABALHO MEDICO;GO
370975;UNIMED VALE DO JAURU COOPERATIVA DE TRABALHO MADICO;MT
334511;UNIMED VALE DO PARAABA FEDERAAAO INTRAFEDERATIVA DAS COOPERATIVAS MADICAS;SP
308811;UNIMED VALE DO PIQUIRICOOPERATIVA DE TRABALHO MADICO VALE DO PIQUIRI;PR
314099;UNIMED VALE DO SEPOTUBA COOPERATIVA DE TRABALHO MADICO;MT
356417;UNIMED VALE DO SINOS COOPERATIVA DE ASSISTANCIA A SAADE LTDA;RS
323268;UNIMED VALE DO SAO FRANCISCO COOPERATIVA DE TRABALHO MADICO;PE
311057;UNIMED VALE DO URUCUIA COOPERATIVA DE TRABALHO MEDICO LTDA;MG
344729;UNIMED VARGINHA COOPERATIVA DE TRABALHO MADICO;MG
317896;UNIMED VERTENTE DO CAPARAA COOPERATIVA DE TRABALHO MADICO LTDA;MG
342131;UNIMED VILHENA COOPERATIVA DE TRABALHO MEDICO LTDA;RO
357391;UNIMED VITORIA COOPERATIVA DE TRABALHO MEDICO;ES
314587;UNIMED VIAOSA COOPERATIVA DE TRABALHO MADICO;MG
393321;UNIMEDRIO COOPERATIVA DE TRABALHO MEDICO DO RIO DE JANEIRO;RJ
343731;UNIMEDSAO GONAALO NITERAI SOCCOOPSERVMED E HOSP LTDA;RJ
414891;UNIODONTO COOPERATIVA ODONTOLOGICA DE CARUARU E REGIAO AGRESTE DO ESTADO DE PERNAMBUCO;PE
403512;UNIODONTO ARAPIRACA COOPERATIVA DE TRABALHO ODONTOLAGICO LTDA;AL
340120;UNIODONTO ATHENAS PAULISTA COOPERATIVA ODONTOLAGICA;SP
383929;UNIODONTO BAHIA SUL COOPERATIVA ODONTOLOGICA DE ILHEUS RESPONSABILIDADE LTDA;BA
327093;UNIODONTO BEBEDOURO COOPERATIVA ODONTOLAGICA;SP
368555;UNIODONTO BELAM COOPERATIVA DE ASSISTANCIA A SAADE ODONTOLAGICA;PA
353752;UNIODONTO COOP ODONT VALE TAQUARI E RIO PARDO LTDA;RS
343919;UNIODONTO COOPERATIVA ODONTOLAGICA DO SERIDA LTDA;RN
347604;UNIODONTO DE AMERICANA COOPERATIVA ODONTOLAGICA;SP
349283;UNIODONTO DE ARACAJU COOP DE TRABALHO ODONTOLOGICO;SE
316997;UNIODONTO DE ARARAQUARA COOPERATIVA ODONTOLAGICA;SP
362824;UNIODONTO DE ARAAATUBA COOPERATIVA ODONTOLOGICA;SP
311669;UNIODONTO DE AVARE COOPERATIVA ODONTOLAGICA;SP
347477;UNIODONTO DE BOTUCATU COOPERATIVA ODONTOLOGICA;SP
347302;UNIODONTO DE CACAPAVA COOPERATIVA ODONTOLOGICA;SP
350494;UNIODONTO DE CAMPINAS COOPERATIVA ODONTOLAGICA;SP
347183;UNIODONTO DE CAMPO GRANDE SIST NAC COOP ODONT;MS
402516;UNIODONTO DE CAMPOS COOPERATIVA ODONTOLOGICA;RJ
354686;UNIODONTO DE CATANDUVA COOPERATIVA ODONTOLAGICA;SP
400556;UNIODONTO DE FEIRA DE SANTANA COOPERATIVA DE TRABALHO ODONTOLAGICO DE FEIRA DE SANTANA RESP LIMITADA;BA
301647;UNIODONTO DE FERNANDOPOLIS COOPERATIVA ODONTOLOGICA;SP
335258;UNIODONTO DE FORTALEZA COOPERATIVA DE TRABALHO ODONTOLOGICO LTDA;CE
309257;UNIODONTO DE JALES COOPERATIVA ODONTOLAGICA;SP
361569;UNIODONTO DE JOAO PESSOA COOPERATIVA ODONTOLAGICA;PB
347795;UNIODONTO DE JUNDIAA COOPERATIVA ODONTOLAGICA;SP
369462;UNIODONTO DE LIMEIRA COOPERATIVA ODONTOLAGICA;SP
344681;UNIODONTO DE LINS COOPERATIVA ODONTOLOGICA;SP
350770;UNIODONTO DE LONDRINA COOP ODONTOLAGICA;PR
311391;UNIODONTO DE MANAUS COOPERATIVA ODONTOLAGICA LTDA;AM
343404;UNIODONTO DE MATO GROSSO COOP TRAB ODONTOLOGICO LTDA;MT
336238;UNIODONTO DE MONTE ALTO COOPERATIVA ODONTOLOGICA;SP
331104;UNIODONTO DE PINDAMONHANGABA COOP ODONTOLOGICA;SP
336017;UNIODONTO DE PRESIDENTE PRUDENTE COOPERATIVA ODONTOLOGICA;SP
305740;UNIODONTO DE RECIFE COOPERATIVA ODONTOLAGICA;PE
403997;UNIODONTO DE RIO BRANCO ACRE COOPERATIVA ODONTOLAGICA LTDA;AC
349011;UNIODONTO DE RIO CLARO COOPERATIVA ODONTOLOGICA;SP
336025;UNIODONTO DE RONDONIA COOPERATIVA LTDA;RO
310107;UNIODONTO DE SALVADOR COOPERATIVA DE TRABALHO ODONTOLAGICO LTDA;BA
378682;UNIODONTO DE SAO JOSE DO RIO PARDO COOPERATIVA ODONTOLAGICA;SP
342203;UNIODONTO DE SC COOPERATIVA ADMINISTRADORA DE CONTRATOS;SC
373109;UNIODONTO DE SERTAOZINHO SP COOPERATIVA ODONTOLOGICA;SP
334243;UNIODONTO DE SOROCABA COOPERATIVA ODONTOLAGICA;SP
313751;UNIODONTO DE SAO JOSA DOS CAMPOS COOPERATIVA DE TRABALHO ODONTOLAGICO;SP
350290;UNIODONTO DE TAQUARITINGA COOPERATIVA ODONTOLAGICA;SP
359726;UNIODONTO DE TRAS RIOS COOPERATIVA DE TRABALHO ODONTOLAGICA;RJ
350630;UNIODONTO DE VOTUPORANGA COOPERATIVA ODONTOLOGICA;SP
314315;UNIODONTO DO BRASIL CENTRAL NACIONAL DAS COOPERATIVAS ODONTALOGICAS;SP
358339;UNIODONTO DO SUL GOIANO COOPERATIVA ODONTOLOGICA;GO
313807;UNIODONTO DOURADOS COOPERATIVA ODONTOLAGICA;MS
370711;UNIODONTO ESPIRITO SANTO COOPERATIVA ODONTOLOGICA;ES
341894;UNIODONTO FRONTEIRA OESTERS COOPERATIVA ODONTOLAGICA LTDA;RS
358436;UNIODONTO GOIANIA COOPERATIVA DE CIRURGIAES DENTISTAS;GO
343056;UNIODONTO JACAREA COOPERATIVA ODONTOLAGICA;SP
321125;UNIODONTO MACEIA COOPERATIVA ODONTOLAGICA;AL
381144;UNIODONTO MARINGA COOPERATIVA ODONTOLOGICA;PR
382337;UNIODONTO METROPOLITANA COOPERATIVA ODONTOLAGICA;RJ
303291;UNIODONTO MOSSORA COOPERATIVA DOS CIRURGIAES DENTISTAS DE MOSSORA E REGIAO OESTE;RN
419729;UNIODONTO PASSOS COOPERATIVA ODONTOLAGICA;MG
361593;UNIODONTO PAULISTAFEDERAAAO DAS COOPERATIVAS ODONTOLAGICAS DO ESTADO DE SAO PAULO;SP
402109;UNIODONTO PAULO AFONSO COOPERATIVA DE TRABALHO ODONTOLAGICO LTDA;BA
346004;UNIODONTO PIRACICABA COOPERATIVA ODONTOLAGICA;SP
378941;UNIODONTO PIRASSUNUNGA COOPERATIVA ODONTOLAGICA;SP
315818;UNIODONTO PONTA GROSSA COOPERATIVA ODONTOLAGICA;PR
366439;UNIODONTO PORTO ALEGRE COOPERATIVA ODONTOLOGICA LTDA;RS
344451;UNIODONTO REGIONAL COOPERATIVA ODONTOLOGICA;MG
406121;UNIODONTO RESENDE COOPERATIVA ODONTOLOGICA;RJ
367966;UNIODONTO RIO GRANDELITORAL COOPERATIVA ODONTOLOGICA LTDA;RS
305421;UNIODONTO RS FEDERACAO DAS UNIODONTOS DO RGS LTDA;RS
327441;UNIODONTO SUDESTE MINEIRO COOPERATIVA DE SAADE ODONTOLAGICA LTDA;MG
314871;UNIODONTO SUDOESTE GOIANO COOPERATIVA DE TRABALHO ODONTOLOGICO;GO
335525;UNIODONTO SAO CARLOS COOPERATIVA ODONTOLAGICA;SP
303259;UNIODONTO SAO JOSA DO RIO PRETO COOPERATIVA ODONTOLAGICA;SP
319350;UNIODONTO TAUBATA COOPERATIVA DE TRABALHO ODONTOLOGICO;SP
370568;UNIODONTO UBERABA COOPERATIVA DE ASSISTANCIA A SAADE ODONTOLAGICA LTDA;MG
382655;UNIODONTO VALE HISTORICO COOPERATIVA ODONTOLOGICA;SP
345318;UNIODONTORN COOPERATIVA ODONTOLOGICA DO RIO GRANDE DO NORTE;RN
420808;UNION ADMINISTRADORA DE BENEFACIOS EM SAADE LTDA EPP;MG
421278;UNIPACTUM ADMINISTRADORA DE BENEFACIOS LTDA;SP
423114;UNITY ADMINISTRADORA DE BENEFACIOS LTDA;ES
423335;UNITY SERVIAOS INTEGRADOS DE SAADE LTDA;DF
413348;UNIVERSAL PLANO ODONTOLOGICO LTDA;SP
422134;UNIVIDA USA OPERADORA EM SAUDE SA;SP
418137;UNIX SAADE SA;BA
424609;UNIAO HOSPITAIS DE PERNAMBUCO LTDA;PE
414581;UNIAO MADICA PLANOS DE SAADE SA;BA
423131;UNIAO SAUDE ADMINISTRADORA DE PLANOS DE SAUDE LTDA;RJ
422126;UP HEALTH ADMINISTRADORA DE BENEFACIOS SA;ES
422223;UP SOLUAAES EM SAADE LTDA;SP
419061;USODONTO PLANOS DE SAADE LTDA;AM
424048;VALE PLANOS DE SAADE LTDA;PE
345695;VALE SA;RJ
417301;VALEM ADMINISTRADORA DE BENEFACIOS LTDA;MG
417581;VALLOR ADMINISTRADORA DE BENEFACIOS LTDA;MG
423751;VALOR SAUDE ADMINISTRADORA DE BENEFICIOS LTDA;SP
424013;VCT PLANOS DE SAUDE LTDA;MG
420018;VECTORIAL ADMINISTRADORA DE BENEFACIOS LTDA;RJ
424412;VETTOR ADMINISTRADORA DE BENEFICIOS LTDA;MG
422240;VIDA SAUDE ADMINISTRADORA DE PLANOS DE SAUDE LTDA;RJ
424773;VIDA E SAUDE ASSISTENCIA MEDICA LTDA;AM
422835;VIDA TOP MAIS SAADE OPERADORA DE PLANOS DE SAADE LTDA;SP
416789;VIDAMAX ADMINISTRADORA DE BENEFACIOS LTDA;SP
344443;VIDAPLAN SAADE LTDA;ES
414905;VITA ASSISTANCIA A SAADE LTDA;MG
423831;VITACARE PLANOS DE SAUDE LTDA;BA
424722;VITAPLENA OPERADORA DE PLANOS DE SAADE LTDA;SP
423378;VITREA ADMINISTRADORA DE BENEFACIOS LTDA;SP
422592;VITTA SAUDE ADMINISTRADORA DE BENEFICIOS LTDA;SP
361461;VIVACOM PLANOS DE SAADE;GO
414662;VIVENTERIS LTDA;PR
422657;VIVER BEM ADMINISTRADORA DE BENEFACIOS LTDA;RJ
424480;VIVER SAUDE LTDA;RN
417122;VOCA CLUBE DE BENEFACIOS SOCIAIS SAADE E ODONTOLAGICO LTDA;SP
422487;VOCA TOTAL PLANOS DE SAADE LIMITADA;SP
414247;VOLVO DO BRASIL VEACULOS LTDA;PR
421049;W DENTAL PLANOS ODONTOLAGICOS SA;ES
419231;WIN ADMINISTRADORA DE BENEFACIOS LTDA;MG
351628;WM ADMINISTRAAAO DE PLANOS ODONTOLAGICOS LTDA;SC
421936;WRE BENEFACIOS EM SAADE LTDA;RJ
423084;XIPP INTEGRADORA E ADMINISTRADORA DE BENEFICIOS LTDA;SP
423505;XP ADMINISTRADORA DE BENEFACIOS LTDA;SP
424111;YELLOW ADMINISTRADORA DE BENEFACIOS LTDA;SP
422380;YOU ASSISTANCIA MADICA LTDA;MG
423092;YOU ODONTO LTDA;MG
424315;ZEUX ADMINISTRADORA DE BENEFICIOS LTDA;RJ
400882;APICE ODONTO ASSISTANCIA ODONTOLAGICA LTDA;SP
407534;ANIX OPERADORA DE PLANOS DE SAADE LTDA;RJ
421944;ANICA ASSISTENCIA MEDICA LTDA;SP
